Number,GISAID_ID,Pangolin
1,EPI_ISL_14593879,B.1.617.2
2,EPI_ISL_14594038,B.1.617.2
3,EPI_ISL_14595714,B.1.617.2
4,EPI_ISL_14595742,B.1.617.2
5,EPI_ISL_14595360,B.1.617.2
6,EPI_ISL_11982125,B.1.617.2
7,EPI_ISL_14595522,B.1.617.2
8,EPI_ISL_14595565,B.1.617.2
9,EPI_ISL_14595426,B.1.617.2
10,EPI_ISL_12395184,B.1.1.7
11,EPI_ISL_15172243,B.1.1.7
12,EPI_ISL_15279579,P.1
13,EPI_ISL_15573527,B.1.526
14,EPI_ISL_15604614,P.1
15,EPI_ISL_15629940,B.1.1.7
16,EPI_ISL_15631723,B.1.1.7
17,EPI_ISL_15643935,B.1.1.7
18,EPI_ISL_15648604,B.1.1.7
19,EPI_ISL_15651984,B.1.1.7
20,EPI_ISL_15652095,B.1.1.7
21,EPI_ISL_15675043,B.1.1.7
22,EPI_ISL_15675532,B.1.1.7
23,EPI_ISL_15675619,B.1.1.7
24,EPI_ISL_15675716,B.1.1.7
25,EPI_ISL_15681383,B.1.1.7
26,EPI_ISL_1110566,B.1.243
27,EPI_ISL_1253775,B.1
28,EPI_ISL_1401369,B.1.160
29,EPI_ISL_1008526,B.1.1.7
30,EPI_ISL_1341080,B.1.258
31,EPI_ISL_1016437,B.1.243
32,EPI_ISL_1022573,B.1.221
33,EPI_ISL_1036668,B.1.2
34,EPI_ISL_1300541,B.1.2
35,EPI_ISL_1041748,B.1.526
36,EPI_ISL_1044849,B.1.1.7
37,EPI_ISL_1046671,B.1.1.7
38,EPI_ISL_1052103,B.1.1.7
39,EPI_ISL_1384079,B.1.160
40,EPI_ISL_1053749,B.1.1.7
41,EPI_ISL_1080080,B.1.2
42,EPI_ISL_1061756,B.1.1.7
43,EPI_ISL_1070681,B.1.1.7
44,EPI_ISL_1084666,B.1.1
45,EPI_ISL_1073443,B.1.258
46,EPI_ISL_1013367,B.1.160
47,EPI_ISL_1372267,B.1.2
48,EPI_ISL_1069340,B.1.2
49,EPI_ISL_1004040,B.1.221
50,EPI_ISL_1007286,B.1.1.7
51,EPI_ISL_1186071,B.1.258
52,EPI_ISL_1019173,B.1.1.7
53,EPI_ISL_1405272,B.1.2
54,EPI_ISL_1035420,B.1.221
55,EPI_ISL_1362175,B.1.160
56,EPI_ISL_1093153,B.1.1
57,EPI_ISL_1035376,B.1.221
58,EPI_ISL_1095529,B.1
59,EPI_ISL_1043492,B.1.1.7
60,EPI_ISL_1045397,B.1.1.7
61,EPI_ISL_1181780,B.1
62,EPI_ISL_1064807,B.1.526
63,EPI_ISL_1032883,B.1.1
64,EPI_ISL_1081517,B.1.429
65,EPI_ISL_1351285,B.1.1
66,EPI_ISL_1315149,B.1.2
67,EPI_ISL_1102226,B.1.1.7
68,EPI_ISL_1137522,B.1.429
69,EPI_ISL_1288187,B.1.1.519
70,EPI_ISL_1116669,B.1.1.7
71,EPI_ISL_1061289,B.1.1.519
72,EPI_ISL_1419189,B.1
73,EPI_ISL_1362952,B.1.2
74,EPI_ISL_1427990,B.1.1.214
75,EPI_ISL_1234394,B.1.258
76,EPI_ISL_1406694,B.1.1
77,EPI_ISL_1426397,B.1.1.214
78,EPI_ISL_1069658,B.1.177
79,EPI_ISL_1322959,B.1.177
80,EPI_ISL_1262905,B.1
81,EPI_ISL_1294370,B.1.1.7
82,EPI_ISL_1008520,B.1.221
83,EPI_ISL_1251420,B.1.177
84,EPI_ISL_1101459,B.1.1.7
85,EPI_ISL_1369981,B.1.1.7
86,EPI_ISL_1081151,B.1.2
87,EPI_ISL_1332672,B.1.1.7
88,EPI_ISL_1334223,B.1.1.7
89,EPI_ISL_1292441,B.1.429
90,EPI_ISL_1366449,B.1.427
91,EPI_ISL_1013921,B.1.160
92,EPI_ISL_1414297,B.1.1.7
93,EPI_ISL_1234405,B.1.1.7
94,EPI_ISL_1421507,B.1.427
95,EPI_ISL_1423529,B.1.2
96,EPI_ISL_1040480,B.1.351
97,EPI_ISL_1064886,B.1.2
98,EPI_ISL_1076059,B.1.2
99,EPI_ISL_1099856,B.1.1.7
100,EPI_ISL_1192930,B.1.177.21
101,EPI_ISL_1002601,B.1.177
102,EPI_ISL_1002671,B.1.177
103,EPI_ISL_1001350,B.1.1.7
104,EPI_ISL_1002566,B.1.177
105,EPI_ISL_1008491,B.1.221
106,EPI_ISL_1006540,B.1.1.7
107,EPI_ISL_1006554,B.1.1.7
108,EPI_ISL_1008273,B.1.1.7
109,EPI_ISL_1005731,B.1.1.7
110,EPI_ISL_1004459,B.1.177
111,EPI_ISL_1005767,B.1.1.7
112,EPI_ISL_1006957,B.1.1.7
113,EPI_ISL_1013800,B.1.351
114,EPI_ISL_1013844,B.1.221
115,EPI_ISL_1014023,B.1.160
116,EPI_ISL_1013559,B.1.177
117,EPI_ISL_1013653,B.1.1.7
118,EPI_ISL_1014448,B.1.1
119,EPI_ISL_1019964,B.1.1.7
120,EPI_ISL_1022487,B.1.1.7
121,EPI_ISL_1019567,B.1.1.7
122,EPI_ISL_1018981,B.1.1.7
123,EPI_ISL_1024542,B.1.177
124,EPI_ISL_1025956,B.1.1
125,EPI_ISL_1030461,B.1.2
126,EPI_ISL_1033457,B.1.1.7
127,EPI_ISL_1030237,B.1.2
128,EPI_ISL_1033600,B.1.1.7
129,EPI_ISL_1035104,B.1.1.7
130,EPI_ISL_1035091,B.1.160
131,EPI_ISL_1036312,B.1.2
132,EPI_ISL_1036334,B.1.243
133,EPI_ISL_1036919,B.1.2
134,EPI_ISL_1035501,B.1.177
135,EPI_ISL_1040554,B.1.1.519
136,EPI_ISL_1044526,B.1.177
137,EPI_ISL_1043278,B.1.1.7
138,EPI_ISL_1041242,B.1.526
139,EPI_ISL_1041361,B.1.526
140,EPI_ISL_1045483,B.1.1.7
141,EPI_ISL_1045430,B.1.1.7
142,EPI_ISL_1047220,B.1.1.7
143,EPI_ISL_1045226,B.1.1.7
144,EPI_ISL_1048913,B.1.1.7
145,EPI_ISL_1046300,B.1.1.7
146,EPI_ISL_1049117,B.1.258
147,EPI_ISL_1054004,B.1.177
148,EPI_ISL_1050240,B.1.1.7
149,EPI_ISL_1057645,B.1.1.7
150,EPI_ISL_1063888,B.1.1
151,EPI_ISL_1062508,B.1.1.7
152,EPI_ISL_1059918,B.1.2
153,EPI_ISL_1059662,B.1.221
154,EPI_ISL_1062913,B.1.1.7
155,EPI_ISL_1069550,B.1.1.7
156,EPI_ISL_1069866,B.1.1.7
157,EPI_ISL_1074515,B.1.2
158,EPI_ISL_1078110,B.1.2
159,EPI_ISL_1080177,B.1.2
160,EPI_ISL_1077224,B.1.2
161,EPI_ISL_1084164,B.1.1.7
162,EPI_ISL_1084119,B.1.1.7
163,EPI_ISL_1083777,B.1.1.7
164,EPI_ISL_1079545,B.1.429
165,EPI_ISL_1084918,B.1.1.7
166,EPI_ISL_1089577,B.1.1.7
167,EPI_ISL_1089491,B.1.1.7
168,EPI_ISL_1092785,B.1.1.7
169,EPI_ISL_1099893,B.1.1.7
170,EPI_ISL_1098516,B.1.1
171,EPI_ISL_1097308,B.1.177
172,EPI_ISL_1099658,B.1.1.7
173,EPI_ISL_1098403,B.1.526
174,EPI_ISL_1098949,B.1.1.7
175,EPI_ISL_1098275,B.1.526
176,EPI_ISL_1100007,B.1.1.7
177,EPI_ISL_1100752,B.1.1.7
178,EPI_ISL_1100472,B.1.1.7
179,EPI_ISL_1103513,B.1.1.7
180,EPI_ISL_1103477,B.1.1.7
181,EPI_ISL_1103233,B.1.1.7
182,EPI_ISL_1102662,B.1.177
183,EPI_ISL_1110079,B.1.429
184,EPI_ISL_1107813,B.1.1.7
185,EPI_ISL_1108818,B.1.1.7
186,EPI_ISL_1106248,B.1.1.7
187,EPI_ISL_1112519,B.1
188,EPI_ISL_1110757,B.1.221
189,EPI_ISL_1118931,B.1.1.7
190,EPI_ISL_1116314,B.1.1.7
191,EPI_ISL_1119136,B.1.1.7
192,EPI_ISL_1118641,B.1.1
193,EPI_ISL_1115399,B.1.1.7
194,EPI_ISL_1120934,B.1.177
195,EPI_ISL_1124852,B.1.1.7
196,EPI_ISL_1126534,B.1.1.7
197,EPI_ISL_1140551,B.1.221
198,EPI_ISL_1143247,B.1.177
199,EPI_ISL_1139120,B.1
200,EPI_ISL_1218618,B.1.1.7
201,EPI_ISL_1145881,B.1.258
202,EPI_ISL_1157423,B.1.2
203,EPI_ISL_1159368,B.1.1.7
204,EPI_ISL_1160152,B.1.258
205,EPI_ISL_1163841,B.1
206,EPI_ISL_1166706,B.1.1.7
207,EPI_ISL_1164104,B.1.1.7
208,EPI_ISL_1170881,B.1.2
209,EPI_ISL_1174207,B.1.1.7
210,EPI_ISL_1175931,B.1.1.7
211,EPI_ISL_1175108,B.1.1.7
212,EPI_ISL_1173860,B.1.1.7
213,EPI_ISL_1173029,B.1.2
214,EPI_ISL_1180033,B.1.1.7
215,EPI_ISL_1181174,B.1.351
216,EPI_ISL_1181066,B.1.429
217,EPI_ISL_1180227,B.1.1.7
218,EPI_ISL_1186013,B.1.1
219,EPI_ISL_1182755,B.1.2
220,EPI_ISL_1191565,B.1.2
221,EPI_ISL_1189207,B.1.1.7
222,EPI_ISL_1189129,B.1.1.7
223,EPI_ISL_1191965,B.1.351
224,EPI_ISL_1187897,B.1.1.7
225,EPI_ISL_1188135,B.1.1.7
226,EPI_ISL_1189424,B.1.1.7
227,EPI_ISL_1189446,B.1.1.7
228,EPI_ISL_1196305,B.1
229,EPI_ISL_1198800,B.1.1.7
230,EPI_ISL_1198835,B.1.1.7
231,EPI_ISL_1198895,B.1.1.7
232,EPI_ISL_1198794,B.1.1.7
233,EPI_ISL_1208031,B.1.1.7
234,EPI_ISL_1206950,B.1.1.7
235,EPI_ISL_1211684,B.1
236,EPI_ISL_1210041,B.1.1
237,EPI_ISL_1216338,B.1.351
238,EPI_ISL_1217130,B.1.1.7
239,EPI_ISL_1223723,B.1.1.7
240,EPI_ISL_1228269,B.1.243
241,EPI_ISL_1116465,B.1
242,EPI_ISL_1230646,B.1.2
243,EPI_ISL_1234449,B.1.258
244,EPI_ISL_1235774,B.1.243
245,EPI_ISL_1231381,B.1
246,EPI_ISL_1237071,R.1
247,EPI_ISL_1239617,B.1.1.7
248,EPI_ISL_1242867,B.1.1.7
249,EPI_ISL_1240903,B.1.427
250,EPI_ISL_1243976,B.1.1.7
251,EPI_ISL_1245182,B.1.1.7
252,EPI_ISL_1250083,B.1.1.7
253,EPI_ISL_1251541,B.1.221
254,EPI_ISL_1250941,B.1.221
255,EPI_ISL_1255697,B.1.1.7
256,EPI_ISL_1257669,B.1.1.7
257,EPI_ISL_1257672,B.1.1.7
258,EPI_ISL_1260190,B.1.177
259,EPI_ISL_1257335,B.1.1.7
260,EPI_ISL_1256786,B.1.1.7
261,EPI_ISL_1264161,B.1.1.7
262,EPI_ISL_1265099,B.1.1.7
263,EPI_ISL_1262787,B.1.1.7
264,EPI_ISL_1272591,B.1.177
265,EPI_ISL_1274994,B.1.1.7
266,EPI_ISL_1272010,B.1.177
267,EPI_ISL_1274676,B.1.1.7
268,EPI_ISL_1277449,B.1.1.7
269,EPI_ISL_1280126,B.1.160
270,EPI_ISL_1277044,B.1.1.7
271,EPI_ISL_1283088,B.1.1.7
272,EPI_ISL_1286000,B.1.1.7
273,EPI_ISL_1290630,B.1.177
274,EPI_ISL_1294675,B.1.1.7
275,EPI_ISL_1299538,B.1.1.7
276,EPI_ISL_1003665,B.1.177
277,EPI_ISL_1301158,B.1.1
278,EPI_ISL_1226745,B.1.526
279,EPI_ISL_1298455,B.1.1.519
280,EPI_ISL_1319316,B.1.177
281,EPI_ISL_1321391,B.1.1.7
282,EPI_ISL_1326914,B.1.1.7
283,EPI_ISL_1327630,B.1.1.7
284,EPI_ISL_1328994,B.1.1.7
285,EPI_ISL_1334670,B.1.1.7
286,EPI_ISL_1341241,B.1.427
287,EPI_ISL_1343524,B.1.1.7
288,EPI_ISL_1354699,B.1.1.7
289,EPI_ISL_1356287,B.1.1.7
290,EPI_ISL_1358363,B.1
291,EPI_ISL_1356517,B.1.1.7
292,EPI_ISL_1358075,B.1.1.7
293,EPI_ISL_1361779,B.1.1.7
294,EPI_ISL_1368776,B.1.1.7
295,EPI_ISL_1371275,B.1.1.7
296,EPI_ISL_1370717,B.1.1.7
297,EPI_ISL_1372654,B.1.2
298,EPI_ISL_1376043,B.1.1.7
299,EPI_ISL_1374108,P.1
300,EPI_ISL_1372187,B.1.177
301,EPI_ISL_1380099,B.1.1
302,EPI_ISL_1386336,B.1.1.7
303,EPI_ISL_1384290,B.1.160
304,EPI_ISL_1385556,B.1.526
305,EPI_ISL_1389218,B.1.1.7
306,EPI_ISL_1393722,B.1.1.7
307,EPI_ISL_1397555,B.1.526
308,EPI_ISL_1400861,B.1.2
309,EPI_ISL_1399619,B.1.177
310,EPI_ISL_1400094,B.1.1.7
311,EPI_ISL_1400110,B.1.1.7
312,EPI_ISL_1403835,B.1.1.7
313,EPI_ISL_1409826,B.1.1.7
314,EPI_ISL_1416651,B.1.1.519
315,EPI_ISL_1418727,B.1.258
316,EPI_ISL_1420374,B.1.1.7
317,EPI_ISL_1426470,B.1.1.214
318,EPI_ISL_1423441,B.1.526
319,EPI_ISL_1424977,B.1.1.7
320,EPI_ISL_1426029,B.1.1.214
321,EPI_ISL_1431875,R.1
322,EPI_ISL_1430063,B.1.1.214
323,EPI_ISL_1234943,B.1.429
324,EPI_ISL_1237308,B.1.427
325,EPI_ISL_1239974,P.1
326,EPI_ISL_1246790,B.1.1.7
327,EPI_ISL_1003173,B.1.160
328,EPI_ISL_1131177,B.1.1.214
329,EPI_ISL_1304727,B.1.2
330,EPI_ISL_1006333,B.1.1.7
331,EPI_ISL_1257339,B.1.1.7
332,EPI_ISL_1258845,B.1.526
333,EPI_ISL_1260232,B.1.177
334,EPI_ISL_1263007,B.1.1.7
335,EPI_ISL_1272435,B.1.1.7
336,EPI_ISL_1273358,B.1.429
337,EPI_ISL_1276609,B.1.1.7
338,EPI_ISL_1276099,B.1.1.7
339,EPI_ISL_1279284,B.1.243
340,EPI_ISL_1279509,B.1.1.519
341,EPI_ISL_1302082,B.1.1.7
342,EPI_ISL_1049329,B.1.243
343,EPI_ISL_1279352,B.1.429
344,EPI_ISL_1321435,B.1.258
345,EPI_ISL_1379854,B.1.429
346,EPI_ISL_1397577,B.1.429
347,EPI_ISL_1400388,B.1.429
348,EPI_ISL_1401422,B.1.1.7
349,EPI_ISL_1407588,B.1.1.7
350,EPI_ISL_1412816,B.1.1.7
351,EPI_ISL_1425557,B.1.1.7
352,EPI_ISL_1245793,B.1.1.7
353,EPI_ISL_1130386,B.1.160
354,EPI_ISL_1071082,B.1.1.7
355,EPI_ISL_1023306,B.1.1.7
356,EPI_ISL_1077360,B.1.429
357,EPI_ISL_1110092,B.1.2
358,EPI_ISL_1114972,B.1.1.7
359,EPI_ISL_1190690,B.1.1.7
360,EPI_ISL_1205827,B.1.1.7
361,EPI_ISL_1315852,B.1.1.7
362,EPI_ISL_1429638,R.1
363,EPI_ISL_1156418,B.1.258
364,EPI_ISL_1157519,B.1.2
365,EPI_ISL_1419507,B.1
366,EPI_ISL_1168910,B.1.1.214
367,EPI_ISL_1201710,B.1.2
368,EPI_ISL_1275611,B.1.1
369,EPI_ISL_1079912,B.1
370,EPI_ISL_1431413,B.1.1.214
371,EPI_ISL_1427821,B.1.1.214
372,EPI_ISL_1008222,B.1.1
373,EPI_ISL_1210222,B.1.177
374,EPI_ISL_1288523,B.1.1.519
375,EPI_ISL_1143232,B.1.221
376,EPI_ISL_1229032,B.1.160
377,EPI_ISL_1279432,B.1.1.519
378,EPI_ISL_1013932,B.1.221
379,EPI_ISL_1212033,B.1.177
380,EPI_ISL_1423933,B.1.177
381,EPI_ISL_1324133,B.1.243
382,EPI_ISL_1199434,B.1.221
383,EPI_ISL_1012937,B.1.177
384,EPI_ISL_1265437,B.1.258
385,EPI_ISL_1358338,B.1.1
386,EPI_ISL_1228045,B.1.2
387,EPI_ISL_1075946,B.1.2
388,EPI_ISL_1039246,B.1.160
389,EPI_ISL_1304746,B.1.2
390,EPI_ISL_1198547,B.1.160
391,EPI_ISL_1228349,B.1.243
392,EPI_ISL_1273354,B.1.2
393,EPI_ISL_1304055,B.1.2
394,EPI_ISL_1246955,B.1.177
395,EPI_ISL_1301957,B.1.160
396,EPI_ISL_1185258,B.1.243
397,EPI_ISL_1118061,B.1.160
398,EPI_ISL_1278061,B.1
399,EPI_ISL_1425862,B.1.1.214
400,EPI_ISL_1181712,B.1.1.519
401,EPI_ISL_1181815,B.1.1
402,EPI_ISL_1323065,B.1.177
403,EPI_ISL_1431914,R.1
404,EPI_ISL_1432191,B.1.1.214
405,EPI_ISL_1438972,B.1.1.7
406,EPI_ISL_1443818,B.1.2
407,EPI_ISL_1447417,B.1.1.214
408,EPI_ISL_1448061,B.1.429
409,EPI_ISL_1448084,B.1.427
410,EPI_ISL_1448263,B.1.427
411,EPI_ISL_1448441,B.1
412,EPI_ISL_1448714,B.1.1.7
413,EPI_ISL_1450737,B.1.1.7
414,EPI_ISL_1454865,B.1.1.7
415,EPI_ISL_1455987,B.1.1.7
416,EPI_ISL_1457162,B.1.1.7
417,EPI_ISL_1457168,B.1.1.7
418,EPI_ISL_1457586,B.1.351
419,EPI_ISL_1461268,B.1.351
420,EPI_ISL_1461699,B.1.2
421,EPI_ISL_1465754,B.1.1.7
422,EPI_ISL_1466057,B.1.1.7
423,EPI_ISL_1470287,B.1.1.7
424,EPI_ISL_1470859,P.1
425,EPI_ISL_1471089,B.1.526
426,EPI_ISL_1471958,B.1.1.7
427,EPI_ISL_1478139,B.1.243
428,EPI_ISL_1484207,B.1.1.7
429,EPI_ISL_1484341,B.1.1.7
430,EPI_ISL_1484441,B.1.2
431,EPI_ISL_1484875,B.1.1.7
432,EPI_ISL_1485135,B.1.1.7
433,EPI_ISL_1486211,B.1.1.7
434,EPI_ISL_1486273,B.1.1.7
435,EPI_ISL_1487642,B.1.1.7
436,EPI_ISL_1488321,B.1.1.7
437,EPI_ISL_1490855,B.1.1.7
438,EPI_ISL_1493356,B.1.1.7
439,EPI_ISL_1498096,B.1.1.7
440,EPI_ISL_1500302,B.1.1.7
441,EPI_ISL_1501074,B.1.160
442,EPI_ISL_1502720,B.1.1.7
443,EPI_ISL_1504047,B.1.429
444,EPI_ISL_1504966,B.1.1.7
445,EPI_ISL_1504985,B.1.1.7
446,EPI_ISL_1510414,B.1.351
447,EPI_ISL_1511153,B.1.243
448,EPI_ISL_1511503,B.1.243
449,EPI_ISL_1511511,B.1.2
450,EPI_ISL_1511583,B.1.2
451,EPI_ISL_1517297,B.1.160
452,EPI_ISL_1519009,B.1.1.7
453,EPI_ISL_1521394,B.1.1.7
454,EPI_ISL_1521453,B.1.1.7
455,EPI_ISL_1521549,B.1.1.7
456,EPI_ISL_1521666,B.1.1.7
457,EPI_ISL_1522821,B.1.1.7
458,EPI_ISL_1523760,B.1.526
459,EPI_ISL_1528729,B.1.1.519
460,EPI_ISL_1528985,B.1.2
461,EPI_ISL_1532230,B.1.1
462,EPI_ISL_1533362,B.1.1.7
463,EPI_ISL_1534498,R.1
464,EPI_ISL_1534655,B.1.1
465,EPI_ISL_1535932,B.1.1.7
466,EPI_ISL_1537065,B.1.1.7
467,EPI_ISL_1538333,B.1.1.7
468,EPI_ISL_1538741,B.1.1.7
469,EPI_ISL_1541592,B.1.1.519
470,EPI_ISL_1563639,B.1.1.7
471,EPI_ISL_1565514,B.1.1.7
472,EPI_ISL_1566282,B.1
473,EPI_ISL_1570981,B.1.1.7
474,EPI_ISL_1571087,B.1.1.7
475,EPI_ISL_1571297,B.1.160
476,EPI_ISL_1571766,B.1.1.7
477,EPI_ISL_1572337,B.1.1.7
478,EPI_ISL_1576795,B.1.1.7
479,EPI_ISL_1577272,B.1.1.7
480,EPI_ISL_1577305,B.1.1.7
481,EPI_ISL_1583526,B.1.1.7
482,EPI_ISL_1583568,B.1.1.7
483,EPI_ISL_1583590,B.1.1.7
484,EPI_ISL_1585539,B.1.1.519
485,EPI_ISL_1585616,B.1.1.519
486,EPI_ISL_1587912,B.1.1
487,EPI_ISL_1588172,B.1
488,EPI_ISL_1591492,B.1.1.519
489,EPI_ISL_1594573,B.1.1.7
490,EPI_ISL_1595151,B.1.1.7
491,EPI_ISL_1595714,B.1.1.7
492,EPI_ISL_1596569,B.1.221
493,EPI_ISL_1596849,B.1.1.7
494,EPI_ISL_1597428,B.1.1.7
495,EPI_ISL_1600895,B.1.1.7
496,EPI_ISL_1601660,B.1.1.7
497,EPI_ISL_1604639,B.1
498,EPI_ISL_1605767,P.1
499,EPI_ISL_1606373,B.1.1.7
500,EPI_ISL_1606500,B.1.1.7
501,EPI_ISL_1607001,B.1.351
502,EPI_ISL_1607908,B.1.2
503,EPI_ISL_1607967,B.1.2
504,EPI_ISL_1613615,B.1.1.7
505,EPI_ISL_1615939,B.1.1.7
506,EPI_ISL_1616011,B.1.1.7
507,EPI_ISL_1617583,B.1.177
508,EPI_ISL_1618138,B.1.177
509,EPI_ISL_1618830,B.1.258
510,EPI_ISL_1620806,B.1.1.7
511,EPI_ISL_1621000,B.1.427
512,EPI_ISL_1621484,B.1.2
513,EPI_ISL_1621642,B.1.1.7
514,EPI_ISL_1621805,B.1.1.7
515,EPI_ISL_1623286,B.1.1.7
516,EPI_ISL_1623710,B.1.526
517,EPI_ISL_1624225,B.1
518,EPI_ISL_1624289,B.1
519,EPI_ISL_1625978,P.1
520,EPI_ISL_1627830,B.1.1.7
521,EPI_ISL_1634648,B.1.1.7
522,EPI_ISL_1634696,B.1.1.7
523,EPI_ISL_1635342,B.1.1.7
524,EPI_ISL_1635723,B.1.1.7
525,EPI_ISL_1635771,B.1.526
526,EPI_ISL_1636345,B.1.526
527,EPI_ISL_1636489,B.1.1.7
528,EPI_ISL_1643530,B.1.1.7
529,EPI_ISL_1645156,B.1.1.7
530,EPI_ISL_1645973,B.1.1.7
531,EPI_ISL_1647345,B.1.177
532,EPI_ISL_1647380,B.1.1.7
533,EPI_ISL_1647833,B.1.1.7
534,EPI_ISL_1651899,B.1.1.519
535,EPI_ISL_1655661,B.1.160
536,EPI_ISL_1656646,B.1.1.7
537,EPI_ISL_1656921,B.1.177
538,EPI_ISL_1657089,B.1.177
539,EPI_ISL_1660196,B.1.1.7
540,EPI_ISL_1661552,B.1.1.519
541,EPI_ISL_1662454,B.1
542,EPI_ISL_1662525,B.1.2
543,EPI_ISL_1663311,B.1.1.7
544,EPI_ISL_1665229,B.1.1.7
545,EPI_ISL_1669794,B.1.1.7
546,EPI_ISL_1669985,B.1.1.7
547,EPI_ISL_1670726,B.1.1.7
548,EPI_ISL_1670925,B.1.177
549,EPI_ISL_1672289,B.1.221
550,EPI_ISL_1673423,B.1.1.7
551,EPI_ISL_1676283,B.1.1.7
552,EPI_ISL_1676495,B.1.1.7
553,EPI_ISL_1676991,B.1.1.7
554,EPI_ISL_1678531,B.1
555,EPI_ISL_1678549,B.1
556,EPI_ISL_1682918,B.1.1
557,EPI_ISL_1689698,B.1.1.7
558,EPI_ISL_1696108,B.1.1.7
559,EPI_ISL_1701002,B.1.2
560,EPI_ISL_1701465,B.1.243
561,EPI_ISL_1701705,B.1.1.519
562,EPI_ISL_1704697,B.1.427
563,EPI_ISL_1705203,B.1.351
564,EPI_ISL_1705398,P.1
565,EPI_ISL_1705492,B.1.1.7
566,EPI_ISL_1705940,B.1.1.7
567,EPI_ISL_1707554,B.1.1.7
568,EPI_ISL_1707728,B.1.177
569,EPI_ISL_1708228,B.1.1.7
570,EPI_ISL_1709005,B.1
571,EPI_ISL_1709439,B.1.427
572,EPI_ISL_1709854,B.1.526
573,EPI_ISL_1718918,B.1.1.7
574,EPI_ISL_1719410,B.1.1.7
575,EPI_ISL_1719939,B.1.1.7
576,EPI_ISL_1720568,B.1.1.7
577,EPI_ISL_1720822,B.1.1.7
578,EPI_ISL_1722958,B.1.1.7
579,EPI_ISL_1723021,B.1.1.7
580,EPI_ISL_1725741,B.1.1.7
581,EPI_ISL_1726139,B.1.1.7
582,EPI_ISL_1726751,B.1.1.7
583,EPI_ISL_1727327,B.1.1.7
584,EPI_ISL_1727468,B.1.1.7
585,EPI_ISL_1727707,B.1.1.7
586,EPI_ISL_1728429,B.1.1.7
587,EPI_ISL_1728689,B.1.1.7
588,EPI_ISL_1729583,B.1.1.7
589,EPI_ISL_1734850,P.1
590,EPI_ISL_1739107,P.1
591,EPI_ISL_1741111,B.1.1.7
592,EPI_ISL_1746071,B.1.1.7
593,EPI_ISL_1746808,B.1.1.7
594,EPI_ISL_1747409,B.1.1.7
595,EPI_ISL_1750452,B.1.1.7
596,EPI_ISL_1752580,B.1.1.7
597,EPI_ISL_1755090,B.1.1.7
598,EPI_ISL_1756626,B.1.1.7
599,EPI_ISL_1759356,B.1.1.7
600,EPI_ISL_1785071,B.1.160
601,EPI_ISL_1785869,B.1.1.7
602,EPI_ISL_1786402,B.1.1.7
603,EPI_ISL_1788402,B.1.1.7
604,EPI_ISL_1789056,B.1.1.7
605,EPI_ISL_1790151,B.1.1
606,EPI_ISL_1791395,B.1.1.7
607,EPI_ISL_1791505,B.1.2
608,EPI_ISL_1792301,B.1.1.7
609,EPI_ISL_1792842,B.1.1.7
610,EPI_ISL_1793881,B.1.1.519
611,EPI_ISL_1794931,B.1.2
612,EPI_ISL_1795200,P.1
613,EPI_ISL_1797874,B.1.1.7
614,EPI_ISL_1805472,B.1.1.7
615,EPI_ISL_1805920,B.1.2
616,EPI_ISL_1806413,B.1.1.7
617,EPI_ISL_1807302,B.1.1.7
618,EPI_ISL_1808855,B.1.1.7
619,EPI_ISL_1808869,B.1.177
620,EPI_ISL_1809097,B.1.1.7
621,EPI_ISL_1809396,B.1.1.7
622,EPI_ISL_1809717,B.1.221
623,EPI_ISL_1811232,B.1.1.7
624,EPI_ISL_1813606,B.1.429
625,EPI_ISL_1813923,B.1.1
626,EPI_ISL_1814016,B.1.429
627,EPI_ISL_1814576,B.1
628,EPI_ISL_1815026,B.1.1.519
629,EPI_ISL_1815759,B.1.429
630,EPI_ISL_1816076,B.1.243
631,EPI_ISL_1817592,P.1
632,EPI_ISL_1817934,B.1.1.7
633,EPI_ISL_1819020,B.1.351
634,EPI_ISL_1819542,B.1.1.7
635,EPI_ISL_1819909,B.1.1.7
636,EPI_ISL_1820221,B.1.1.7
637,EPI_ISL_1821508,B.1.1.7
638,EPI_ISL_1821991,B.1.2
639,EPI_ISL_1823511,B.1.2
640,EPI_ISL_1826907,B.1.1.7
641,EPI_ISL_1826916,B.1.1.7
642,EPI_ISL_1826971,B.1.1.7
643,EPI_ISL_1833962,B.1.1.7
644,EPI_ISL_1841045,B.1.1.519
645,EPI_ISL_1843736,B.1.1.7
646,EPI_ISL_1843802,B.1.1.7
647,EPI_ISL_1847424,B.1.351
648,EPI_ISL_1847863,B.1.1.7
649,EPI_ISL_1848322,B.1.1.7
650,EPI_ISL_1849666,B.1.429
651,EPI_ISL_1852693,B.1.1.7
652,EPI_ISL_1853271,B.1.1.7
653,EPI_ISL_1853570,B.1.1.7
654,EPI_ISL_1854358,B.1.1.7
655,EPI_ISL_1859184,B.1.1.7
656,EPI_ISL_1860015,B.1.1.7
657,EPI_ISL_1860427,B.1.1.7
658,EPI_ISL_1861362,B.1.1.7
659,EPI_ISL_1865347,B.1.526
660,EPI_ISL_1870005,B.1.1.7
661,EPI_ISL_1870604,B.1.1.7
662,EPI_ISL_1873926,B.1.1.7
663,EPI_ISL_1889914,B.1.1.7
664,EPI_ISL_1889944,B.1.1.7
665,EPI_ISL_1892771,B.1.1.7
666,EPI_ISL_1895511,B.1.1.7
667,EPI_ISL_1898635,B.1.351
668,EPI_ISL_1899264,B.1.1.7
669,EPI_ISL_1899318,B.1.1.7
670,EPI_ISL_1899385,B.1.1.7
671,EPI_ISL_1901096,B.1.1.7
672,EPI_ISL_1902050,B.1.351
673,EPI_ISL_1902161,B.1.1.7
674,EPI_ISL_1903658,B.1.1.7
675,EPI_ISL_1910733,B.1.2
676,EPI_ISL_1911746,B.1
677,EPI_ISL_1913061,B.1.1.7
678,EPI_ISL_1915162,B.1.1.7
679,EPI_ISL_1915488,B.1.1.7
680,EPI_ISL_1919363,B.1.1.7
681,EPI_ISL_1920406,B.1.1.7
682,EPI_ISL_1921366,B.1.1.7
683,EPI_ISL_1922047,B.1.2
684,EPI_ISL_1922102,B.1.351
685,EPI_ISL_1922583,B.1.1.7
686,EPI_ISL_1927430,B.1.1.214
687,EPI_ISL_1927949,B.1.1.214
688,EPI_ISL_1930180,B.1.1.214
689,EPI_ISL_1932252,B.1.1.214
690,EPI_ISL_1932438,B.1.1.7
691,EPI_ISL_1932494,B.1.1.7
692,EPI_ISL_1933237,R.1
693,EPI_ISL_1934107,R.1
694,EPI_ISL_1936171,B.1.1.7
695,EPI_ISL_1938248,B.1.2
696,EPI_ISL_1960966,B.1.1.7
697,EPI_ISL_1961272,B.1.1.7
698,EPI_ISL_1961667,B.1.1.7
699,EPI_ISL_1961987,B.1.1.7
700,EPI_ISL_1962026,B.1.1.7
701,EPI_ISL_1962205,B.1.351
702,EPI_ISL_1963405,B.1.1.7
703,EPI_ISL_1966433,B.1.1.7
704,EPI_ISL_1967825,B.1.177
705,EPI_ISL_1968976,B.1.1.7
706,EPI_ISL_1970588,B.1.1.7
707,EPI_ISL_1971012,B.1.1.214
708,EPI_ISL_1973088,B.1.2
709,EPI_ISL_1988545,B.1.1.7
710,EPI_ISL_1989060,B.1.1.7
711,EPI_ISL_2001167,B.1.1.7
712,EPI_ISL_2001178,B.1.1.7
713,EPI_ISL_2001347,B.1.1.7
714,EPI_ISL_2001375,B.1.1.7
715,EPI_ISL_2003830,B.1.1.7
716,EPI_ISL_2004050,B.1.1.7
717,EPI_ISL_2004592,B.1.1.7
718,EPI_ISL_2017749,B.1
719,EPI_ISL_2022800,B.1.1.7
720,EPI_ISL_2027782,B.1.1.7
721,EPI_ISL_2030743,B.1.1.7
722,EPI_ISL_2033050,B.1.1.7
723,EPI_ISL_2094761,B.1.1.7
724,EPI_ISL_2100591,B.1.1.7
725,EPI_ISL_2115861,B.1.1.7
726,EPI_ISL_2116730,B.1.1.7
727,EPI_ISL_2122074,B.1.1.7
728,EPI_ISL_2139627,B.1.351
729,EPI_ISL_2179816,B.1.1.7
730,EPI_ISL_2184472,B.1.526
731,EPI_ISL_2204578,B.1.1.7
732,EPI_ISL_2208413,B.1.2
733,EPI_ISL_2217470,B.1.2
734,EPI_ISL_2223820,B.1
735,EPI_ISL_2225077,B.1
736,EPI_ISL_2232343,B.1.1
737,EPI_ISL_2234269,B.1.1.7
738,EPI_ISL_2234973,B.1.526
739,EPI_ISL_2248703,B.1.2
740,EPI_ISL_2255554,B.1.1.7
741,EPI_ISL_2263238,B.1.1.7
742,EPI_ISL_2266080,B.1.1.7
743,EPI_ISL_2279029,B.1.427
744,EPI_ISL_2299549,B.1.1.7
745,EPI_ISL_2306149,B.1.526
746,EPI_ISL_2315316,B.1.1.7
747,EPI_ISL_2320904,B.1.1.7
748,EPI_ISL_2325881,R.1
749,EPI_ISL_2336930,B.1.1.7
750,EPI_ISL_2337306,R.1
751,EPI_ISL_2343247,B.1.1.7
752,EPI_ISL_2350440,R.1
753,EPI_ISL_2353878,B.1.1.7
754,EPI_ISL_2363607,B.1
755,EPI_ISL_2363622,B.1.1
756,EPI_ISL_2374769,B.1.1.7
757,EPI_ISL_2397610,B.1.1.7
758,EPI_ISL_2398041,B.1.1.7
759,EPI_ISL_2399323,B.1.1.7
760,EPI_ISL_2399362,B.1.526
761,EPI_ISL_2403566,B.1
762,EPI_ISL_2403750,B.1.1.7
763,EPI_ISL_2406128,B.1.1.7
764,EPI_ISL_2409640,B.1.177.21
765,EPI_ISL_2416716,B.1.1.7
766,EPI_ISL_2417821,B.1.1.7
767,EPI_ISL_2418030,B.1.1.7
768,EPI_ISL_2418319,B.1.1.7
769,EPI_ISL_2419414,B.1.1.7
770,EPI_ISL_2419460,B.1.1.7
771,EPI_ISL_2419988,B.1.1.7
772,EPI_ISL_2420709,B.1.1.7
773,EPI_ISL_2423357,B.1.1.7
774,EPI_ISL_2423393,B.1.1.7
775,EPI_ISL_2423470,B.1.1.7
776,EPI_ISL_2424772,B.1.1.7
777,EPI_ISL_2425221,P.1
778,EPI_ISL_2433049,B.1.1.7
779,EPI_ISL_2433147,B.1.1.7
780,EPI_ISL_2433347,B.1.1.7
781,EPI_ISL_2438600,B.1.1.7
782,EPI_ISL_2438704,B.1.1.7
783,EPI_ISL_2439194,B.1.1.7
784,EPI_ISL_2439640,B.1.1.7
785,EPI_ISL_2440063,B.1.526
786,EPI_ISL_2440175,B.1.1.7
787,EPI_ISL_2440291,B.1.526
788,EPI_ISL_2440433,B.1.1.7
789,EPI_ISL_2440653,B.1.1.7
790,EPI_ISL_2441258,B.1.1
791,EPI_ISL_2442863,B.1.1.7
792,EPI_ISL_2443006,B.1.1.7
793,EPI_ISL_2443572,P.1
794,EPI_ISL_2443594,P.1
795,EPI_ISL_2444230,B.1.2
796,EPI_ISL_2444345,B.1.1.7
797,EPI_ISL_2445327,P.1
798,EPI_ISL_2445346,B.1.1.7
799,EPI_ISL_2445467,P.1
800,EPI_ISL_2445645,B.1.177
801,EPI_ISL_2447612,P.1
802,EPI_ISL_2447700,B.1.1.7
803,EPI_ISL_2451274,B.1.526
804,EPI_ISL_2452205,B.1.526
805,EPI_ISL_2454078,B.1.1
806,EPI_ISL_2455189,B.1.1.7
807,EPI_ISL_2458564,B.1.429
808,EPI_ISL_2463042,B.1.1.7
809,EPI_ISL_2464542,B.1.1.7
810,EPI_ISL_2466076,B.1.1.7
811,EPI_ISL_2466875,B.1.2
812,EPI_ISL_2469692,B.1.1.7
813,EPI_ISL_2470567,B.1.1.7
814,EPI_ISL_2471243,B.1.1.7
815,EPI_ISL_2472469,B.1.1.7
816,EPI_ISL_2474661,B.1.1.7
817,EPI_ISL_2474678,B.1.1.7
818,EPI_ISL_2474700,B.1.1.7
819,EPI_ISL_2474788,B.1.1.7
820,EPI_ISL_2475303,B.1.1.7
821,EPI_ISL_2475949,B.1.1.7
822,EPI_ISL_2476191,B.1.1.7
823,EPI_ISL_2476384,P.1
824,EPI_ISL_2476389,B.1.351
825,EPI_ISL_2476430,P.1
826,EPI_ISL_2480268,B.1.1.7
827,EPI_ISL_2480536,B.1.1.7
828,EPI_ISL_2481225,P.1
829,EPI_ISL_2481539,B.1.1.7
830,EPI_ISL_2482041,B.1.526
831,EPI_ISL_2483163,B.1.1.7
832,EPI_ISL_2483823,B.1.1.7
833,EPI_ISL_2483824,B.1.1.7
834,EPI_ISL_2483850,B.1.1.7
835,EPI_ISL_2485056,B.1.1.7
836,EPI_ISL_2485065,B.1.1.7
837,EPI_ISL_1160967,B.1.2
838,EPI_ISL_766571,B.1.160
839,EPI_ISL_765989,B.1.429
840,EPI_ISL_1444072,B.1.2
841,EPI_ISL_1512410,B.1.2
842,EPI_ISL_1514228,B.1.2
843,EPI_ISL_1159465,B.1.2
844,EPI_ISL_532367,B.1.177
845,EPI_ISL_1576564,B.1.2
846,EPI_ISL_544967,D.2
847,EPI_ISL_1593047,B.1.526
848,EPI_ISL_1608980,B.1.1.7
849,EPI_ISL_1609727,B.1.526
850,EPI_ISL_455868,B.1
851,EPI_ISL_530169,B.1.243
852,EPI_ISL_737369,B.1.221
853,EPI_ISL_901970,B.1.1.214
854,EPI_ISL_520870,D.2
855,EPI_ISL_1684765,B.1.427
856,EPI_ISL_1681914,P.1
857,EPI_ISL_1683762,B.1.1.7
858,EPI_ISL_1683254,B.1.1.7
859,EPI_ISL_1690597,B.1.2
860,EPI_ISL_1691525,B.1.1.7
861,EPI_ISL_739972,B.1.177
862,EPI_ISL_886673,B.1.2
863,EPI_ISL_1711754,B.1.2
864,EPI_ISL_1738348,B.1.1.7
865,EPI_ISL_758475,B.1.160
866,EPI_ISL_995476,B.1.160
867,EPI_ISL_1734899,B.1.1.7
868,EPI_ISL_1796347,B.1.1.7
869,EPI_ISL_1789426,B.1.617.2
870,EPI_ISL_1802197,R.1
871,EPI_ISL_1801839,P.1
872,EPI_ISL_1802550,B.1.1.7
873,EPI_ISL_781982,B.1.177
874,EPI_ISL_1823840,B.1.1.519
875,EPI_ISL_615083,B.1
876,EPI_ISL_1838811,B.1.617.2
877,EPI_ISL_1022148,B.1.243
878,EPI_ISL_1391648,B.1.2
879,EPI_ISL_733490,B.1.1
880,EPI_ISL_1161223,B.1.2
881,EPI_ISL_833191,B.1
882,EPI_ISL_1909921,B.1.1.7
883,EPI_ISL_530213,B.1
884,EPI_ISL_905736,B.1.2
885,EPI_ISL_769794,B.1.177
886,EPI_ISL_790095,B.1.1
887,EPI_ISL_858895,B.1.177
888,EPI_ISL_1971918,B.1.1.7
889,EPI_ISL_825399,B.1.1
890,EPI_ISL_1996481,B.1.1.7
891,EPI_ISL_812860,B.1.1
892,EPI_ISL_2010424,B.1.1.7
893,EPI_ISL_563858,D.2
894,EPI_ISL_995363,B.1.177
895,EPI_ISL_2041681,P.1
896,EPI_ISL_2044913,B.1.1.7
897,EPI_ISL_846730,B.1.2
898,EPI_ISL_2096717,B.1.526
899,EPI_ISL_2115134,B.1.617.2
900,EPI_ISL_1690378,B.1.1.7
901,EPI_ISL_771247,B.1.2
902,EPI_ISL_649199,B.1.177
903,EPI_ISL_642117,B.1.177
904,EPI_ISL_620301,B.1.177.21
905,EPI_ISL_833117,B.1.177
906,EPI_ISL_1444251,B.1.429
907,EPI_ISL_1480769,B.1.1.7
908,EPI_ISL_824083,B.1.221
909,EPI_ISL_1090647,B.1.2
910,EPI_ISL_430406,B.1
911,EPI_ISL_430429,B.1
912,EPI_ISL_451990,B.1
913,EPI_ISL_455473,B.1.1
914,EPI_ISL_455102,B.1
915,EPI_ISL_461189,B.1
916,EPI_ISL_468154,B.1.1
917,EPI_ISL_475693,B.1
918,EPI_ISL_481866,B.1.1
919,EPI_ISL_495065,B.1
920,EPI_ISL_509787,B.1.1
921,EPI_ISL_509996,B.1
922,EPI_ISL_518656,D.2
923,EPI_ISL_518564,D.2
924,EPI_ISL_520779,D.2
925,EPI_ISL_522077,D.2
926,EPI_ISL_559788,B.1.177
927,EPI_ISL_558885,B.1.1
928,EPI_ISL_562170,D.2
929,EPI_ISL_559384,B.1.1
930,EPI_ISL_598212,B.1.221
931,EPI_ISL_597732,B.1.177
932,EPI_ISL_621661,B.1
933,EPI_ISL_625040,B.1.177
934,EPI_ISL_625787,B.1.258
935,EPI_ISL_633853,B.1.160
936,EPI_ISL_644512,B.1.160
937,EPI_ISL_646522,B.1.177
938,EPI_ISL_656942,B.1.177
939,EPI_ISL_656760,B.1.177
940,EPI_ISL_660581,B.1.258
941,EPI_ISL_673644,B.1.177
942,EPI_ISL_674026,B.1.177
943,EPI_ISL_698722,B.1.1
944,EPI_ISL_728582,B.1.221
945,EPI_ISL_732886,B.1.221
946,EPI_ISL_727121,B.1.177
947,EPI_ISL_735339,B.1.1
948,EPI_ISL_744789,B.1.160
949,EPI_ISL_752973,B.1.243
950,EPI_ISL_757047,B.1.177
951,EPI_ISL_769118,B.1.1.7
952,EPI_ISL_768900,B.1
953,EPI_ISL_771014,B.1.177
954,EPI_ISL_784639,B.1.243
955,EPI_ISL_789597,B.1.243
956,EPI_ISL_791191,B.1.1.7
957,EPI_ISL_789041,B.1.177
958,EPI_ISL_790026,B.1
959,EPI_ISL_790357,B.1.2
960,EPI_ISL_800667,B.1.177
961,EPI_ISL_798252,B.1.1.7
962,EPI_ISL_800188,B.1.177
963,EPI_ISL_803067,B.1.2
964,EPI_ISL_812852,B.1
965,EPI_ISL_812820,B.1
966,EPI_ISL_824669,B.1.2
967,EPI_ISL_834654,B.1.1.7
968,EPI_ISL_833906,B.1.1.7
969,EPI_ISL_602410,B.1.1
970,EPI_ISL_860255,B.1.351
971,EPI_ISL_859289,B.1.177
972,EPI_ISL_859782,B.1.177
973,EPI_ISL_861442,B.1.2
974,EPI_ISL_861492,B.1.1.7
975,EPI_ISL_863901,B.1.258
976,EPI_ISL_875998,B.1.2
977,EPI_ISL_875223,B.1.1.7
978,EPI_ISL_873967,B.1.1.7
979,EPI_ISL_873118,B.1.2
980,EPI_ISL_881068,B.1.177
981,EPI_ISL_880762,B.1.1.7
982,EPI_ISL_886428,B.1.2
983,EPI_ISL_884790,B.1.2
984,EPI_ISL_886534,B.1.2
985,EPI_ISL_886588,B.1.2
986,EPI_ISL_891532,B.1.1.7
987,EPI_ISL_893381,B.1.1.214
988,EPI_ISL_904288,B.1.258
989,EPI_ISL_904376,B.1.351
990,EPI_ISL_903430,B.1.2
991,EPI_ISL_913288,B.1.258
992,EPI_ISL_912991,B.1.160
993,EPI_ISL_908316,B.1.1.7
994,EPI_ISL_930747,B.1.2
995,EPI_ISL_931325,B.1.221
996,EPI_ISL_936877,B.1.2
997,EPI_ISL_936176,B.1.2
998,EPI_ISL_940845,B.1.221
999,EPI_ISL_946821,B.1.1.7
1000,EPI_ISL_949604,B.1.1.7
1001,EPI_ISL_965218,B.1.2
1002,EPI_ISL_964123,B.1.1.7
1003,EPI_ISL_812495,B.1.2
1004,EPI_ISL_979464,B.1.2
1005,EPI_ISL_984203,B.1.2
1006,EPI_ISL_984280,B.1.160
1007,EPI_ISL_988871,B.1.1.7
1008,EPI_ISL_988911,B.1.1.7
1009,EPI_ISL_990398,B.1.1.7
1010,EPI_ISL_991927,B.1.177
1011,EPI_ISL_991882,B.1.1.7
1012,EPI_ISL_993928,B.1.1.7
1013,EPI_ISL_993643,B.1.1.7
1014,EPI_ISL_996145,B.1.1.7
1015,EPI_ISL_993976,B.1.1.7
1016,EPI_ISL_703396,B.1.177
1017,EPI_ISL_1038411,B.1.2
1018,EPI_ISL_1032256,B.1.243
1019,EPI_ISL_674090,B.1.177
1020,EPI_ISL_1088093,B.1.2
1021,EPI_ISL_1087603,B.1.2
1022,EPI_ISL_1086477,B.1.2
1023,EPI_ISL_1094909,B.1.243
1024,EPI_ISL_1134400,B.1.429
1025,EPI_ISL_1133882,B.1.2
1026,EPI_ISL_1158942,B.1.2
1027,EPI_ISL_1161362,B.1.2
1028,EPI_ISL_1161384,B.1.1
1029,EPI_ISL_1032178,B.1.2
1030,EPI_ISL_1221651,B.1.2
1031,EPI_ISL_1226382,B.1.243
1032,EPI_ISL_1226377,B.1.2
1033,EPI_ISL_1253457,B.1.243
1034,EPI_ISL_1253324,B.1.1.519
1035,EPI_ISL_826410,B.1.2
1036,EPI_ISL_1320058,B.1.427
1037,EPI_ISL_1318584,B.1.427
1038,EPI_ISL_1318542,B.1.2
1039,EPI_ISL_1422167,B.1.1.7
1040,EPI_ISL_1443991,B.1.2
1041,EPI_ISL_1462824,B.1.2
1042,EPI_ISL_1479279,B.1.1.519
1043,EPI_ISL_945792,B.1.1.7
1044,EPI_ISL_1928482,B.1.526
1045,EPI_ISL_1800974,P.1
1046,EPI_ISL_846384,B.1.1.7
1047,EPI_ISL_1610874,B.1.1.7
1048,EPI_ISL_1321073,B.1.429
1049,EPI_ISL_1338934,B.1.427
1050,EPI_ISL_999092,B.1.177
1051,EPI_ISL_1460938,B.1.429
1052,EPI_ISL_1462862,B.1.2
1053,EPI_ISL_1515466,B.1.427
1054,EPI_ISL_1553428,B.1.1.7
1055,EPI_ISL_1554648,B.1.1.7
1056,EPI_ISL_1139201,B.1.2
1057,EPI_ISL_1796499,B.1.2
1058,EPI_ISL_1592850,B.1.1.7
1059,EPI_ISL_1298394,B.1.1.7
1060,EPI_ISL_1615433,B.1.427
1061,EPI_ISL_1609369,B.1.1.7
1062,EPI_ISL_1615357,B.1.1.7
1063,EPI_ISL_1658880,B.1.1.7
1064,EPI_ISL_1088512,B.1.427
1065,EPI_ISL_1679751,B.1.1.7
1066,EPI_ISL_1679490,B.1.1.7
1067,EPI_ISL_1735272,B.1.1.7
1068,EPI_ISL_1800629,B.1.1.7
1069,EPI_ISL_1802251,B.1.1.7
1070,EPI_ISL_1801669,B.1.526
1071,EPI_ISL_1801895,B.1.526
1072,EPI_ISL_1834289,B.1.1.7
1073,EPI_ISL_1840286,B.1.1.7
1074,EPI_ISL_1906875,B.1.1.7
1075,EPI_ISL_1907407,B.1.1.7
1076,EPI_ISL_1907124,P.1
1077,EPI_ISL_1923631,B.1.1.7
1078,EPI_ISL_1923857,B.1.1.7
1079,EPI_ISL_1927400,B.1.617.2
1080,EPI_ISL_1928400,B.1.1.7
1081,EPI_ISL_1927959,B.1.526
1082,EPI_ISL_565712,D.2
1083,EPI_ISL_1931318,B.1.1.7
1084,EPI_ISL_1931319,B.1.1.7
1085,EPI_ISL_1970250,B.1.617.2
1086,EPI_ISL_1990775,B.1.1.7
1087,EPI_ISL_661652,B.1.1.7
1088,EPI_ISL_668267,B.1.1.7
1089,EPI_ISL_719568,B.1.1.7
1090,EPI_ISL_751633,B.1.2
1091,EPI_ISL_797359,B.1.1.7
1092,EPI_ISL_911116,B.1.160
1093,EPI_ISL_831502,B.1.2
1094,EPI_ISL_876904,B.1.2
1095,EPI_ISL_518504,D.2
1096,EPI_ISL_591504,D.2
1097,EPI_ISL_555507,B.1.1
1098,EPI_ISL_784409,B.1
1099,EPI_ISL_537109,B.1.1
1100,EPI_ISL_558410,B.1
1101,EPI_ISL_592311,D.2
1102,EPI_ISL_845982,B.1.1.7
1103,EPI_ISL_858611,B.1.177
1104,EPI_ISL_731211,B.1.177
1105,EPI_ISL_649412,B.1.177
1106,EPI_ISL_1163112,B.1.2
1107,EPI_ISL_733321,B.1.1
1108,EPI_ISL_1266022,B.1.2
1109,EPI_ISL_979022,B.1
1110,EPI_ISL_874298,B.1.1.7
1111,EPI_ISL_874667,B.1.1.7
1112,EPI_ISL_624825,B.1.177
1113,EPI_ISL_877453,B.1.1.7
1114,EPI_ISL_880121,B.1.177
1115,EPI_ISL_626128,B.1.160
1116,EPI_ISL_836228,B.1.177
1117,EPI_ISL_918428,B.1.258
1118,EPI_ISL_904729,B.1.258
1119,EPI_ISL_1090930,B.1.2
1120,EPI_ISL_487731,B.1
1121,EPI_ISL_1553464,B.1.1.7
1122,EPI_ISL_728631,B.1.221
1123,EPI_ISL_910832,B.1.160
1124,EPI_ISL_1929634,B.1.1
1125,EPI_ISL_895034,B.1.1.214
1126,EPI_ISL_906427,B.1.2
1127,EPI_ISL_521639,D.2
1128,EPI_ISL_718739,B.1.177
1129,EPI_ISL_905439,B.1.177
1130,EPI_ISL_909044,B.1.1.7
1131,EPI_ISL_913338,B.1.160
1132,EPI_ISL_518745,D.2
1133,EPI_ISL_921576,B.1.1.7
1134,EPI_ISL_930768,B.1.2
1135,EPI_ISL_769751,B.1.177
1136,EPI_ISL_1220752,B.1.243
1137,EPI_ISL_854152,B.1.177
1138,EPI_ISL_513352,D.2
1139,EPI_ISL_775257,B.1
1140,EPI_ISL_1297657,B.1.2
1141,EPI_ISL_745258,B.1.1
1142,EPI_ISL_709559,B.1.177
1143,EPI_ISL_941707,B.1.160
1144,EPI_ISL_780062,B.1.177
1145,EPI_ISL_964037,B.1.1.7
1146,EPI_ISL_1511926,B.1.2
1147,EPI_ISL_821015,B.1.177
1148,EPI_ISL_963734,B.1.1.7
1149,EPI_ISL_892565,B.1.1.214
1150,EPI_ISL_777565,B.1.177
1151,EPI_ISL_2436134,AY.4
1152,EPI_ISL_2436246,B.1.617.2
1153,EPI_ISL_2436571,AY.4
1154,EPI_ISL_2447648,B.1.617.2
1155,EPI_ISL_2456249,AY.4
1156,EPI_ISL_2486209,AY.4
1157,EPI_ISL_2486413,AY.4
1158,EPI_ISL_2489715,B.1.1.7
1159,EPI_ISL_2489819,B.1.1.7
1160,EPI_ISL_2490402,B.1.1.519
1161,EPI_ISL_2490505,B.1.1.519
1162,EPI_ISL_2491716,P.1
1163,EPI_ISL_2493565,P.1
1164,EPI_ISL_2494139,P.1
1165,EPI_ISL_2494284,P.1
1166,EPI_ISL_2495636,B.1.617.2
1167,EPI_ISL_2495951,B.1.1.519
1168,EPI_ISL_2495964,B.1.1.519
1169,EPI_ISL_2498123,B.1.2
1170,EPI_ISL_2498723,B.1.2
1171,EPI_ISL_2501707,B.1
1172,EPI_ISL_2502494,P.1
1173,EPI_ISL_2502715,B.1.1.7
1174,EPI_ISL_2506786,B.1.1.7
1175,EPI_ISL_2507709,B.1.1.7
1176,EPI_ISL_2507809,B.1.1.7
1177,EPI_ISL_2508153,B.1.351
1178,EPI_ISL_2508422,B.1.1.7
1179,EPI_ISL_2509357,B.1.1.7
1180,EPI_ISL_2510396,B.1.177
1181,EPI_ISL_2515087,AY.4
1182,EPI_ISL_2516495,B.1.1.7
1183,EPI_ISL_2516652,B.1.1.7
1184,EPI_ISL_2516916,B.1.1.7
1185,EPI_ISL_2531948,B.1.617.2
1186,EPI_ISL_2534090,B.1.526
1187,EPI_ISL_2534904,P.1
1188,EPI_ISL_2534935,P.1
1189,EPI_ISL_2535511,B.1.1.7
1190,EPI_ISL_2535590,B.1.1.7
1191,EPI_ISL_2536187,B.1.1.7
1192,EPI_ISL_2536345,P.1
1193,EPI_ISL_2537516,AY.4
1194,EPI_ISL_2541836,B.1.1.7
1195,EPI_ISL_2542609,AY.4
1196,EPI_ISL_2543154,B.1.1.7
1197,EPI_ISL_2543689,B.1.1.7
1198,EPI_ISL_2545711,B.1.1.519
1199,EPI_ISL_2547302,P.1
1200,EPI_ISL_2547495,B.1.617.2
1201,EPI_ISL_2547847,B.1.1.7
1202,EPI_ISL_2547964,B.1.1.7
1203,EPI_ISL_2548004,B.1.1.7
1204,EPI_ISL_2548085,B.1.1.7
1205,EPI_ISL_2557071,P.1
1206,EPI_ISL_2557421,P.1
1207,EPI_ISL_2559371,B.1.1.519
1208,EPI_ISL_2559450,B.1.1.519
1209,EPI_ISL_2564811,B.1.1.7
1210,EPI_ISL_2566368,B.1.243
1211,EPI_ISL_2567116,B.1.1.7
1212,EPI_ISL_2569391,AY.4
1213,EPI_ISL_2586253,B.1.1.7
1214,EPI_ISL_2589806,B.1.258
1215,EPI_ISL_2591036,B.1.258
1216,EPI_ISL_2597671,B.1.526
1217,EPI_ISL_2599548,B.1.1.7
1218,EPI_ISL_2599650,B.1.1.7
1219,EPI_ISL_2599741,B.1.526
1220,EPI_ISL_2600787,B.1.1.7
1221,EPI_ISL_2604551,B.1.1.7
1222,EPI_ISL_2604744,B.1.351
1223,EPI_ISL_2608944,B.1.1.7
1224,EPI_ISL_2608982,B.1.1.7
1225,EPI_ISL_2609761,B.1.1.7
1226,EPI_ISL_2609944,B.1.1.7
1227,EPI_ISL_2610213,B.1.1.7
1228,EPI_ISL_2610461,B.1.617.2
1229,EPI_ISL_2611333,B.1.617.2
1230,EPI_ISL_2611607,P.1
1231,EPI_ISL_2611740,B.1.1.7
1232,EPI_ISL_2612012,B.1.1.7
1233,EPI_ISL_2612547,B.1.526
1234,EPI_ISL_2612639,B.1.1.7
1235,EPI_ISL_2613275,B.1.1.7
1236,EPI_ISL_2613619,B.1.1.7
1237,EPI_ISL_2613707,P.1
1238,EPI_ISL_2618497,B.1.1.7
1239,EPI_ISL_2619437,B.1.1.7
1240,EPI_ISL_2619457,B.1.1.7
1241,EPI_ISL_2619778,B.1.351
1242,EPI_ISL_2619885,B.1.1.7
1243,EPI_ISL_2621539,B.1.1.7
1244,EPI_ISL_2627309,B.1.1.7
1245,EPI_ISL_2627345,B.1.1.7
1246,EPI_ISL_2627429,B.1.177
1247,EPI_ISL_2628119,B.1.1.7
1248,EPI_ISL_2631151,P.1
1249,EPI_ISL_2631251,B.1.258
1250,EPI_ISL_2631278,B.1
1251,EPI_ISL_2632143,B.1.1.7
1252,EPI_ISL_2632937,B.1.1.7
1253,EPI_ISL_2633003,B.1.1.7
1254,EPI_ISL_2633195,B.1.1.7
1255,EPI_ISL_2633242,B.1.1.7
1256,EPI_ISL_2633729,B.1.2
1257,EPI_ISL_2635281,B.1.1.7
1258,EPI_ISL_2635432,B.1.1.7
1259,EPI_ISL_2635620,B.1.1.7
1260,EPI_ISL_2637921,B.1.1.7
1261,EPI_ISL_2642884,B.1.1
1262,EPI_ISL_2644943,B.1.617.2
1263,EPI_ISL_2644981,B.1.1.7
1264,EPI_ISL_2645201,B.1.351
1265,EPI_ISL_2645851,P.1
1266,EPI_ISL_2646276,B.1.617.2
1267,EPI_ISL_2647515,B.1.526
1268,EPI_ISL_2647547,B.1.1.7
1269,EPI_ISL_2647986,B.1.1.7
1270,EPI_ISL_2649474,B.1.177
1271,EPI_ISL_2649495,B.1.1.7
1272,EPI_ISL_2650521,B.1.526
1273,EPI_ISL_2651078,B.1.429
1274,EPI_ISL_2651083,P.1
1275,EPI_ISL_2652139,B.1.1.7
1276,EPI_ISL_2653901,B.1.429
1277,EPI_ISL_2656525,B.1.1.7
1278,EPI_ISL_2657112,B.1.617.2
1279,EPI_ISL_2657368,B.1.1.7
1280,EPI_ISL_2659518,B.1.243
1281,EPI_ISL_2659917,B.1
1282,EPI_ISL_2660681,B.1.1
1283,EPI_ISL_2661512,B.1.1.7
1284,EPI_ISL_2662390,B.1.617.2
1285,EPI_ISL_2663376,B.1.1.7
1286,EPI_ISL_2664360,AY.4
1287,EPI_ISL_2668156,B.1.1.7
1288,EPI_ISL_2672656,B.1.1.7
1289,EPI_ISL_2674807,B.1.617.2
1290,EPI_ISL_2676291,B.1.617.2
1291,EPI_ISL_2677173,P.1
1292,EPI_ISL_2677607,B.1.1.7
1293,EPI_ISL_2680968,B.1.1.7
1294,EPI_ISL_2689655,B.1.1.7
1295,EPI_ISL_2690165,B.1.2
1296,EPI_ISL_2691578,P.1
1297,EPI_ISL_2695276,B.1.1.7
1298,EPI_ISL_2697787,B.1.1.7
1299,EPI_ISL_2697869,B.1.1.7
1300,EPI_ISL_2698488,B.1.1.7
1301,EPI_ISL_2698890,B.1.526
1302,EPI_ISL_2699361,B.1.1.7
1303,EPI_ISL_2700519,AY.4
1304,EPI_ISL_2702153,AY.4
1305,EPI_ISL_2712564,B.1.429
1306,EPI_ISL_2718805,B.1.1.7
1307,EPI_ISL_2719983,B.1.617.2
1308,EPI_ISL_2723572,B.1.617.2
1309,EPI_ISL_2725876,B.1.1.7
1310,EPI_ISL_2728766,AY.4
1311,EPI_ISL_2738407,B.1.526
1312,EPI_ISL_2752411,B.1.1.7
1313,EPI_ISL_2754873,B.1.1.7
1314,EPI_ISL_2756381,B.1.1.7
1315,EPI_ISL_2758179,B.1.177
1316,EPI_ISL_2758376,B.1.1.7
1317,EPI_ISL_2759137,B.1.1.7
1318,EPI_ISL_2760571,B.1.1.7
1319,EPI_ISL_2763010,R.1
1320,EPI_ISL_2763319,B.1.1.7
1321,EPI_ISL_2764044,R.1
1322,EPI_ISL_2764069,R.1
1323,EPI_ISL_2764470,B.1.1.7
1324,EPI_ISL_2764862,B.1.1.7
1325,EPI_ISL_2765435,B.1.1.7
1326,EPI_ISL_2766267,AY.4
1327,EPI_ISL_2767856,AY.4
1328,EPI_ISL_2768861,B.1.1.7
1329,EPI_ISL_2769883,B.1.1.7
1330,EPI_ISL_2770287,B.1.1.7
1331,EPI_ISL_2772411,B.1.1.7
1332,EPI_ISL_2773488,B.1.1.7
1333,EPI_ISL_2776485,B.1.1.7
1334,EPI_ISL_2776584,B.1.1.7
1335,EPI_ISL_2776794,R.1
1336,EPI_ISL_2777994,P.1
1337,EPI_ISL_2778130,B.1.429
1338,EPI_ISL_2779526,B.1
1339,EPI_ISL_2782065,AY.4
1340,EPI_ISL_2783297,B.1.243
1341,EPI_ISL_2786306,B.1.1.7
1342,EPI_ISL_2794262,B.1.1.7
1343,EPI_ISL_2802569,B.1.1.7
1344,EPI_ISL_2802604,B.1.526
1345,EPI_ISL_2812649,B.1.1.7
1346,EPI_ISL_2828680,P.1
1347,EPI_ISL_2835064,B.1.1.519
1348,EPI_ISL_2835118,P.1
1349,EPI_ISL_2835809,B.1.617.2
1350,EPI_ISL_2837163,P.1
1351,EPI_ISL_2840009,B.1.1.7
1352,EPI_ISL_2849280,AY.4
1353,EPI_ISL_2868999,B.1.1.7
1354,EPI_ISL_2872873,P.1
1355,EPI_ISL_2875338,B.1.1.7
1356,EPI_ISL_2876993,B.1
1357,EPI_ISL_2877411,B.1.1.7
1358,EPI_ISL_2877601,B.1.1.7
1359,EPI_ISL_2884692,B.1.1.7
1360,EPI_ISL_2887988,AY.4
1361,EPI_ISL_2891999,B.1.1.7
1362,EPI_ISL_2894077,B.1.1.7
1363,EPI_ISL_2894777,B.1.1
1364,EPI_ISL_2895406,B.1.1.7
1365,EPI_ISL_2903149,B.1.1.7
1366,EPI_ISL_2907936,AY.4
1367,EPI_ISL_2909395,AY.4
1368,EPI_ISL_2912811,AY.4
1369,EPI_ISL_2912892,AY.4
1370,EPI_ISL_2914190,AY.4
1371,EPI_ISL_2915503,AY.4
1372,EPI_ISL_2916685,AY.4
1373,EPI_ISL_2918759,B.1.617.2
1374,EPI_ISL_2921592,P.1
1375,EPI_ISL_2924607,AY.4
1376,EPI_ISL_2925681,B.1.1.7
1377,EPI_ISL_2926356,B.1.1.7
1378,EPI_ISL_2926766,B.1.1.7
1379,EPI_ISL_2927361,B.1.1.7
1380,EPI_ISL_2930071,B.1.1.7
1381,EPI_ISL_2933306,B.1.1.7
1382,EPI_ISL_2933545,B.1.617.2
1383,EPI_ISL_2933723,B.1.617.2
1384,EPI_ISL_2934785,B.1.1.7
1385,EPI_ISL_2936141,P.1
1386,EPI_ISL_2936178,B.1
1387,EPI_ISL_2937993,B.1.1.7
1388,EPI_ISL_2955405,B.1.1.7
1389,EPI_ISL_2956215,B.1.617.2
1390,EPI_ISL_2958461,B.1
1391,EPI_ISL_2958510,B.1.617.2
1392,EPI_ISL_2961240,AY.4
1393,EPI_ISL_2961893,AY.4
1394,EPI_ISL_2963051,AY.4
1395,EPI_ISL_2963881,AY.4
1396,EPI_ISL_2965195,B.1.526
1397,EPI_ISL_2965201,B.1.429
1398,EPI_ISL_2969738,B.1
1399,EPI_ISL_2970447,B.1.1
1400,EPI_ISL_2972479,AY.4
1401,EPI_ISL_2974868,AY.4
1402,EPI_ISL_2976185,B.1.1.7
1403,EPI_ISL_2977429,B.1.427
1404,EPI_ISL_2980052,B.1.1.7
1405,EPI_ISL_2981322,AY.4
1406,EPI_ISL_2981874,B.1.1.7
1407,EPI_ISL_2982740,P.1
1408,EPI_ISL_2982789,P.1
1409,EPI_ISL_2984238,B.1.617.2
1410,EPI_ISL_2986048,B.1.1.7
1411,EPI_ISL_2986986,B.1.617.2
1412,EPI_ISL_2987753,B.1
1413,EPI_ISL_2988494,B.1.526
1414,EPI_ISL_2989797,B.1.2
1415,EPI_ISL_2989901,B.1.429
1416,EPI_ISL_2990406,B.1.2
1417,EPI_ISL_2990746,B.1.526
1418,EPI_ISL_2991252,B.1.2
1419,EPI_ISL_2991335,B.1.243
1420,EPI_ISL_2991472,B.1
1421,EPI_ISL_2993856,AY.4
1422,EPI_ISL_2995008,AY.4
1423,EPI_ISL_2996109,AY.4
1424,EPI_ISL_2996603,AY.4
1425,EPI_ISL_3003027,AY.4
1426,EPI_ISL_3016378,B.1.617.2
1427,EPI_ISL_3017057,B.1.526
1428,EPI_ISL_3020137,B.1.617.2
1429,EPI_ISL_3020896,B.1.1.7
1430,EPI_ISL_3022689,B.1
1431,EPI_ISL_3022889,B.1.1.7
1432,EPI_ISL_3022894,B.1.617.2
1433,EPI_ISL_3023232,B.1.1.7
1434,EPI_ISL_3023267,R.1
1435,EPI_ISL_3023359,B.1.1.7
1436,EPI_ISL_3025488,B.1.1.7
1437,EPI_ISL_3027023,AY.4
1438,EPI_ISL_3027084,AY.4
1439,EPI_ISL_3027353,AY.4
1440,EPI_ISL_3032644,P.1
1441,EPI_ISL_3032645,B.1
1442,EPI_ISL_3032777,B.1
1443,EPI_ISL_3032927,B.1
1444,EPI_ISL_3033624,B.1.1.519
1445,EPI_ISL_3042161,AY.4
1446,EPI_ISL_3042703,AY.4
1447,EPI_ISL_3046294,P.1
1448,EPI_ISL_3046523,B.1.1.7
1449,EPI_ISL_3051939,AY.4
1450,EPI_ISL_3052136,AY.4
1451,EPI_ISL_3052263,AY.4
1452,EPI_ISL_3055573,B.1.1.519
1453,EPI_ISL_3058225,AY.4
1454,EPI_ISL_3062518,B.1.1.7
1455,EPI_ISL_3063451,B.1.1
1456,EPI_ISL_3066403,B.1.617.2
1457,EPI_ISL_3069654,AY.4
1458,EPI_ISL_3072225,P.1
1459,EPI_ISL_3072313,P.1
1460,EPI_ISL_3072626,P.1
1461,EPI_ISL_3085995,B.1.526
1462,EPI_ISL_3086995,B.1.617.2
1463,EPI_ISL_3091945,B.1.1.7
1464,EPI_ISL_3093729,AY.4
1465,EPI_ISL_3094162,B.1.1.7
1466,EPI_ISL_3094616,AY.4
1467,EPI_ISL_3098068,B.1.1.7
1468,EPI_ISL_3102193,B.1.1.7
1469,EPI_ISL_3102236,P.1
1470,EPI_ISL_3102285,P.1
1471,EPI_ISL_3102509,P.1
1472,EPI_ISL_3110104,AY.4
1473,EPI_ISL_3112202,B.1.617.2
1474,EPI_ISL_3115109,B.1.617.2
1475,EPI_ISL_3124942,AY.4
1476,EPI_ISL_3125884,AY.4
1477,EPI_ISL_3130147,B.1.1.7
1478,EPI_ISL_3130285,B.1.1.7
1479,EPI_ISL_3133882,B.1.1.7
1480,EPI_ISL_3133953,B.1.1.7
1481,EPI_ISL_3134672,P.1
1482,EPI_ISL_3137883,AY.4
1483,EPI_ISL_3141193,AY.4
1484,EPI_ISL_3145517,B.1.351
1485,EPI_ISL_3147970,B.1.1.7
1486,EPI_ISL_3140237,AY.4
1487,EPI_ISL_3151143,B.1.1
1488,EPI_ISL_3152326,B.1.1.7
1489,EPI_ISL_3152807,B.1.1.7
1490,EPI_ISL_3154919,AY.4
1491,EPI_ISL_3157388,B.1.1.7
1492,EPI_ISL_3158669,B.1.1.7
1493,EPI_ISL_3163948,B.1.1.7
1494,EPI_ISL_3188441,B.1.526
1495,EPI_ISL_3190349,P.1
1496,EPI_ISL_3190367,P.1
1497,EPI_ISL_3187482,B.1.1.7
1498,EPI_ISL_3190699,B.1.1.7
1499,EPI_ISL_3191038,B.1.1.7
1500,EPI_ISL_3194816,B.1.1.7
1501,EPI_ISL_3192150,B.1.1.7
1502,EPI_ISL_3196645,B.1.1.7
1503,EPI_ISL_3217202,B.1.1.7
1504,EPI_ISL_3221726,AY.4
1505,EPI_ISL_3227591,AY.4
1506,EPI_ISL_3235231,P.1
1507,EPI_ISL_3244143,B.1.1.7
1508,EPI_ISL_3244095,B.1.1.7
1509,EPI_ISL_3249210,B.1.617.2
1510,EPI_ISL_3247985,AY.4
1511,EPI_ISL_3254409,P.1
1512,EPI_ISL_3252934,B.1.617.2
1513,EPI_ISL_3258818,B.1.617.2
1514,EPI_ISL_3261094,P.1
1515,EPI_ISL_3267819,B.1.617.2
1516,EPI_ISL_3279929,B.1.617.2
1517,EPI_ISL_3283240,AY.4
1518,EPI_ISL_3305080,P.1
1519,EPI_ISL_3308858,B.1.617.2
1520,EPI_ISL_3316280,P.1
1521,EPI_ISL_3312599,B.1.617.2
1522,EPI_ISL_3243518,B.1.429
1523,EPI_ISL_3243532,B.1.2
1524,EPI_ISL_3335132,AY.4
1525,EPI_ISL_3364798,AY.4
1526,EPI_ISL_3369954,B.1.1.7
1527,EPI_ISL_3369396,P.1
1528,EPI_ISL_3392275,B.1.617.2
1529,EPI_ISL_3392314,B.1.617.2
1530,EPI_ISL_3411495,AY.4
1531,EPI_ISL_3430979,B.1.617.2
1532,EPI_ISL_3432797,B.1.1.7
1533,EPI_ISL_3437559,AY.4
1534,EPI_ISL_3438255,AY.4
1535,EPI_ISL_3440519,AY.4
1536,EPI_ISL_3444837,AY.4
1537,EPI_ISL_3442189,AY.4
1538,EPI_ISL_3443443,AY.4
1539,EPI_ISL_3445369,AY.4
1540,EPI_ISL_3446712,B.1.617.2
1541,EPI_ISL_3447512,P.1
1542,EPI_ISL_3460158,B.1.617.2
1543,EPI_ISL_3459940,P.1
1544,EPI_ISL_3466034,B.1
1545,EPI_ISL_3471088,AY.4
1546,EPI_ISL_3483803,B.1.1.7
1547,EPI_ISL_3485480,B.1.1.7
1548,EPI_ISL_3505801,B.1.1.7
1549,EPI_ISL_3512264,B.1.617.2
1550,EPI_ISL_3529000,AY.4
1551,EPI_ISL_3532504,B.1.1.7
1552,EPI_ISL_3529685,AY.4
1553,EPI_ISL_3540392,B.1.617.2
1554,EPI_ISL_3544324,B.1.526
1555,EPI_ISL_3539893,P.1
1556,EPI_ISL_3557178,B.1.1.7
1557,EPI_ISL_3562952,AY.4
1558,EPI_ISL_3570953,B.1.1.7
1559,EPI_ISL_3581656,AY.4
1560,EPI_ISL_3581597,AY.4
1561,EPI_ISL_3581416,AY.4
1562,EPI_ISL_3602344,B.1.351
1563,EPI_ISL_3607340,B.1.617.2
1564,EPI_ISL_3639424,AY.4
1565,EPI_ISL_3638804,AY.4
1566,EPI_ISL_3411433,B.1.1.7
1567,EPI_ISL_3640745,AY.4
1568,EPI_ISL_3642274,AY.4
1569,EPI_ISL_3644422,B.1.1.7
1570,EPI_ISL_3645047,AY.4
1571,EPI_ISL_3701005,AY.4
1572,EPI_ISL_3699033,AY.4
1573,EPI_ISL_3704688,AY.4
1574,EPI_ISL_3371233,B.1.2
1575,EPI_ISL_3741470,B.1.617.2
1576,EPI_ISL_3781981,B.1.1.7
1577,EPI_ISL_3794264,B.1.1.7
1578,EPI_ISL_3563463,AY.4
1579,EPI_ISL_3853831,B.1.617.2
1580,EPI_ISL_3854203,B.1.617.2
1581,EPI_ISL_3868331,B.1.1.7
1582,EPI_ISL_3873079,B.1.1.7
1583,EPI_ISL_3876963,B.1.1.7
1584,EPI_ISL_3878695,B.1.1.7
1585,EPI_ISL_3884418,B.1.1.7
1586,EPI_ISL_3885993,B.1.1.7
1587,EPI_ISL_3888574,B.1.1.7
1588,EPI_ISL_3893326,AY.4
1589,EPI_ISL_3892034,B.1.1.7
1590,EPI_ISL_3892243,B.1.1.7
1591,EPI_ISL_3895052,B.1.1.7
1592,EPI_ISL_3899845,B.1.1.7
1593,EPI_ISL_3912295,P.1
1594,EPI_ISL_3913729,P.1
1595,EPI_ISL_3947209,B.1.617.2
1596,EPI_ISL_3955128,AY.4
1597,EPI_ISL_3956436,AY.4
1598,EPI_ISL_3967864,AY.4
1599,EPI_ISL_3970548,AY.4
1600,EPI_ISL_3970521,AY.4
1601,EPI_ISL_3974279,AY.4
1602,EPI_ISL_3975624,AY.4
1603,EPI_ISL_3973171,AY.4
1604,EPI_ISL_3973364,AY.4
1605,EPI_ISL_3976366,AY.4
1606,EPI_ISL_3976487,AY.4
1607,EPI_ISL_3977814,AY.4
1608,EPI_ISL_3978299,AY.4
1609,EPI_ISL_3979558,B.1.617.2
1610,EPI_ISL_3981397,AY.4
1611,EPI_ISL_3989942,B.1.617.2
1612,EPI_ISL_3992963,AY.4
1613,EPI_ISL_3994853,AY.4
1614,EPI_ISL_3996175,AY.4
1615,EPI_ISL_4003261,AY.4
1616,EPI_ISL_4011123,AY.4
1617,EPI_ISL_4012970,AY.4
1618,EPI_ISL_4015669,AY.4
1619,EPI_ISL_3894434,B.1.1.7
1620,EPI_ISL_3098454,B.1.1
1621,EPI_ISL_3956716,AY.4
1622,EPI_ISL_3970690,AY.4
1623,EPI_ISL_3970162,AY.4
1624,EPI_ISL_3975562,AY.4
1625,EPI_ISL_3276249,B.1.617.2
1626,EPI_ISL_3152010,B.1.617.2
1627,EPI_ISL_3167312,AY.4
1628,EPI_ISL_3167391,AY.4
1629,EPI_ISL_3167415,B.1.617.2
1630,EPI_ISL_3170159,B.1.1.7
1631,EPI_ISL_3171940,AY.4
1632,EPI_ISL_3175242,B.1.617.2
1633,EPI_ISL_3183185,B.1.1.7
1634,EPI_ISL_3186323,B.1.1.7
1635,EPI_ISL_3188207,B.1.1.7
1636,EPI_ISL_3190192,P.1
1637,EPI_ISL_3195829,B.1.1.7
1638,EPI_ISL_3197943,B.1.1.7
1639,EPI_ISL_3199151,B.1.1.7
1640,EPI_ISL_3201241,AY.4
1641,EPI_ISL_3201510,AY.4
1642,EPI_ISL_3207756,B.1.1.7
1643,EPI_ISL_3215858,B.1.2
1644,EPI_ISL_3215917,B.1.429
1645,EPI_ISL_3224425,AY.4
1646,EPI_ISL_3248079,AY.4
1647,EPI_ISL_3254381,P.1
1648,EPI_ISL_3255245,P.1
1649,EPI_ISL_3275250,B.1.177
1650,EPI_ISL_3266850,B.1.1.7
1651,EPI_ISL_3268952,P.1
1652,EPI_ISL_3292152,AY.4
1653,EPI_ISL_3274468,B.1.1.7
1654,EPI_ISL_3274572,B.1.1.7
1655,EPI_ISL_3889906,B.1.617.2
1656,EPI_ISL_3396491,B.1.1.7
1657,EPI_ISL_3305867,AY.4
1658,EPI_ISL_3304132,B.1.429
1659,EPI_ISL_3307333,AY.4
1660,EPI_ISL_3311461,AY.4
1661,EPI_ISL_3730537,B.1.1.7
1662,EPI_ISL_3311904,AY.4
1663,EPI_ISL_3312664,AY.4
1664,EPI_ISL_3313332,B.1.617.2
1665,EPI_ISL_3313859,AY.4
1666,EPI_ISL_3314586,AY.4
1667,EPI_ISL_3315846,B.1.1.7
1668,EPI_ISL_3324591,B.1.617.2
1669,EPI_ISL_3539249,P.1
1670,EPI_ISL_3338673,AY.4
1671,EPI_ISL_3355671,B.1.1.7
1672,EPI_ISL_3359508,AY.4
1673,EPI_ISL_3361760,AY.4
1674,EPI_ISL_3362830,AY.4
1675,EPI_ISL_3363797,AY.4
1676,EPI_ISL_3366064,AY.4
1677,EPI_ISL_3767552,AY.4
1678,EPI_ISL_3381587,AY.4
1679,EPI_ISL_3197852,B.1.1.7
1680,EPI_ISL_3438707,AY.4
1681,EPI_ISL_3439865,AY.4
1682,EPI_ISL_3440843,B.1.617.2
1683,EPI_ISL_3443154,AY.4
1684,EPI_ISL_3355333,B.1.2
1685,EPI_ISL_3467103,AY.4
1686,EPI_ISL_3469981,AY.4
1687,EPI_ISL_3487312,B.1.1.7
1688,EPI_ISL_3489586,B.1.1.7
1689,EPI_ISL_3508871,B.1.1.7
1690,EPI_ISL_3508785,B.1.1.7
1691,EPI_ISL_3514857,B.1.617.2
1692,EPI_ISL_3515946,B.1.617.2
1693,EPI_ISL_3464648,B.1.2
1694,EPI_ISL_3538953,B.1.617.2
1695,EPI_ISL_3539236,P.1
1696,EPI_ISL_3539239,P.1
1697,EPI_ISL_3192026,B.1.1.214
1698,EPI_ISL_3464626,B.1.2
1699,EPI_ISL_3568625,B.1.1.7
1700,EPI_ISL_3562956,AY.4
1701,EPI_ISL_3564218,AY.4
1702,EPI_ISL_4017396,AY.4
1703,EPI_ISL_4019607,AY.4
1704,EPI_ISL_4025927,B.1.1.7
1705,EPI_ISL_4040729,B.1.617.2
1706,EPI_ISL_4044267,AY.4
1707,EPI_ISL_4047533,AY.4
1708,EPI_ISL_4059894,B.1.1.7
1709,EPI_ISL_4063029,B.1.617.2
1710,EPI_ISL_4063064,B.1.617.2
1711,EPI_ISL_4064144,B.1.1.7
1712,EPI_ISL_4066011,AY.4
1713,EPI_ISL_4066218,AY.4
1714,EPI_ISL_4066962,AY.4
1715,EPI_ISL_4067816,AY.4
1716,EPI_ISL_4068174,AY.4
1717,EPI_ISL_4075805,B.1.617.2
1718,EPI_ISL_4076227,B.1.617.2
1719,EPI_ISL_4077982,B.1.617.2
1720,EPI_ISL_4083240,B.1.1.7
1721,EPI_ISL_4085920,AY.4
1722,EPI_ISL_4088941,AY.4
1723,EPI_ISL_4096840,AY.4
1724,EPI_ISL_4096999,AY.4
1725,EPI_ISL_4097023,AY.4
1726,EPI_ISL_4108616,AY.4
1727,EPI_ISL_4112777,B.1.1
1728,EPI_ISL_4117078,B.1.1.7
1729,EPI_ISL_4117848,B.1.351
1730,EPI_ISL_4120673,B.1.617.2
1731,EPI_ISL_4122731,B.1.1.7
1732,EPI_ISL_4122856,B.1.1.7
1733,EPI_ISL_4124100,B.1.617.2
1734,EPI_ISL_4124237,B.1.1.7
1735,EPI_ISL_4144313,AY.4
1736,EPI_ISL_4144929,AY.4
1737,EPI_ISL_4145681,AY.4
1738,EPI_ISL_4145709,AY.4
1739,EPI_ISL_4146358,AY.4
1740,EPI_ISL_4146429,AY.4
1741,EPI_ISL_4150991,B.1.617.2
1742,EPI_ISL_4151982,B.1.617.2
1743,EPI_ISL_4156647,P.1
1744,EPI_ISL_4173060,B.1.617.2
1745,EPI_ISL_4179006,B.1.617.2
1746,EPI_ISL_4179168,B.1.617.2
1747,EPI_ISL_4184547,AY.4
1748,EPI_ISL_4188680,B.1.1.7
1749,EPI_ISL_4189364,B.1.617.2
1750,EPI_ISL_4191378,AY.4
1751,EPI_ISL_4192328,AY.4
1752,EPI_ISL_4192359,AY.4
1753,EPI_ISL_4192895,B.1.617.2
1754,EPI_ISL_4192977,B.1.617.2
1755,EPI_ISL_4215008,AY.4
1756,EPI_ISL_4215781,AY.4
1757,EPI_ISL_4217164,AY.4
1758,EPI_ISL_4218813,B.1.526
1759,EPI_ISL_4219826,B.1.1
1760,EPI_ISL_4231351,B.1.1.7
1761,EPI_ISL_4235191,B.1.1.7
1762,EPI_ISL_4235250,B.1.1.7
1763,EPI_ISL_4236131,AY.4
1764,EPI_ISL_4242175,B.1.617.2
1765,EPI_ISL_4246900,AY.4
1766,EPI_ISL_4247224,AY.4
1767,EPI_ISL_4247601,AY.4
1768,EPI_ISL_4248549,AY.4
1769,EPI_ISL_4250493,AY.4
1770,EPI_ISL_4255010,B.1
1771,EPI_ISL_4264999,AY.4
1772,EPI_ISL_4268033,AY.4
1773,EPI_ISL_4268823,AY.4
1774,EPI_ISL_4288155,AY.4
1775,EPI_ISL_4289477,AY.4
1776,EPI_ISL_4290407,AY.4
1777,EPI_ISL_4299348,P.1
1778,EPI_ISL_4300567,B.1.617.2
1779,EPI_ISL_4315907,AY.4
1780,EPI_ISL_4321112,AY.4
1781,EPI_ISL_4328884,AY.4
1782,EPI_ISL_4330827,P.1
1783,EPI_ISL_4333055,B.1.617.2
1784,EPI_ISL_4337940,AY.4
1785,EPI_ISL_4346364,B.1.1.7
1786,EPI_ISL_4346530,B.1.351
1787,EPI_ISL_4347154,B.1
1788,EPI_ISL_4347691,B.1.1.7
1789,EPI_ISL_4362305,B.1.617.2
1790,EPI_ISL_4366210,P.1
1791,EPI_ISL_4367468,B.1.1.7
1792,EPI_ISL_4369047,B.1.1.7
1793,EPI_ISL_4372028,B.1.1.7
1794,EPI_ISL_4372800,B.1.1.7
1795,EPI_ISL_4373395,B.1.1.7
1796,EPI_ISL_4374615,B.1.1.7
1797,EPI_ISL_4374628,B.1.1.7
1798,EPI_ISL_4376282,B.1.526
1799,EPI_ISL_4376323,B.1.617.2
1800,EPI_ISL_4377535,B.1.526
1801,EPI_ISL_4378045,B.1.1.7
1802,EPI_ISL_4378633,B.1.1.519
1803,EPI_ISL_4380416,B.1.1.7
1804,EPI_ISL_4381194,B.1.1.7
1805,EPI_ISL_4381635,B.1.1.7
1806,EPI_ISL_4381768,B.1.1.7
1807,EPI_ISL_4393264,B.1.160
1808,EPI_ISL_4406496,AY.4
1809,EPI_ISL_4407225,AY.4
1810,EPI_ISL_4407793,AY.4
1811,EPI_ISL_4408809,AY.4
1812,EPI_ISL_4412806,AY.4
1813,EPI_ISL_4413744,P.1
1814,EPI_ISL_4414446,P.1
1815,EPI_ISL_4414775,B.1.1.7
1816,EPI_ISL_4414817,B.1.1.7
1817,EPI_ISL_4415594,B.1.617.2
1818,EPI_ISL_4420744,B.1.1.7
1819,EPI_ISL_4421584,B.1.2
1820,EPI_ISL_4424548,P.1
1821,EPI_ISL_4427403,P.1
1822,EPI_ISL_4427486,P.1
1823,EPI_ISL_4427544,P.1
1824,EPI_ISL_4427850,P.1
1825,EPI_ISL_4428115,P.1
1826,EPI_ISL_4428272,P.1
1827,EPI_ISL_4435445,B.1.617.2
1828,EPI_ISL_4435643,B.1.617.2
1829,EPI_ISL_4435726,B.1.617.2
1830,EPI_ISL_4452666,AY.4
1831,EPI_ISL_4452801,AY.4
1832,EPI_ISL_4458126,B.1.617.2
1833,EPI_ISL_4462707,B.1.617.2
1834,EPI_ISL_4473659,B.1.617.2
1835,EPI_ISL_4481637,AY.4
1836,EPI_ISL_4487246,P.1
1837,EPI_ISL_4487563,P.1
1838,EPI_ISL_4496601,B.1.243
1839,EPI_ISL_4496665,B.1
1840,EPI_ISL_4500719,AY.4
1841,EPI_ISL_4501135,AY.4
1842,EPI_ISL_4502636,AY.4
1843,EPI_ISL_4505535,B.1.1.7
1844,EPI_ISL_4521976,AY.4
1845,EPI_ISL_4522835,AY.4
1846,EPI_ISL_4524034,AY.4
1847,EPI_ISL_4525938,AY.4
1848,EPI_ISL_4548629,B.1.1.7
1849,EPI_ISL_4562773,B.1.526
1850,EPI_ISL_4572772,B.1.617.2
1851,EPI_ISL_4587682,B.1.617.2
1852,EPI_ISL_4592147,AY.4
1853,EPI_ISL_4592932,AY.4
1854,EPI_ISL_4594445,AY.4
1855,EPI_ISL_4596289,AY.4
1856,EPI_ISL_4811350,B.1.617.2
1857,EPI_ISL_4814681,B.1.1.7
1858,EPI_ISL_4843553,B.1.617.2
1859,EPI_ISL_4840003,B.1.617.2
1860,EPI_ISL_4850484,B.1.617.2
1861,EPI_ISL_4849599,B.1.617.2
1862,EPI_ISL_4862599,AY.4
1863,EPI_ISL_4874858,AY.4
1864,EPI_ISL_4869389,AY.4
1865,EPI_ISL_4895652,AY.4
1866,EPI_ISL_4899181,AY.4
1867,EPI_ISL_4903650,B.1.617.2
1868,EPI_ISL_4908711,B.1.617.2
1869,EPI_ISL_4921147,B.1.617.2
1870,EPI_ISL_4928408,AY.4
1871,EPI_ISL_4961567,B.1.2
1872,EPI_ISL_4985362,B.1.243
1873,EPI_ISL_5010917,B.1.617.2
1874,EPI_ISL_5012421,AY.4
1875,EPI_ISL_5012176,AY.4
1876,EPI_ISL_5028074,AY.4
1877,EPI_ISL_5025277,AY.4
1878,EPI_ISL_5030372,B.1.1.7
1879,EPI_ISL_5036870,AY.4
1880,EPI_ISL_5036706,AY.4
1881,EPI_ISL_4896417,AY.4
1882,EPI_ISL_5090167,AY.4
1883,EPI_ISL_5112051,AY.4
1884,EPI_ISL_5132728,AY.4
1885,EPI_ISL_5135779,AY.4
1886,EPI_ISL_5136163,AY.4
1887,EPI_ISL_5136132,AY.4
1888,EPI_ISL_4888491,B.1.1
1889,EPI_ISL_5193516,P.1
1890,EPI_ISL_5193656,P.1
1891,EPI_ISL_5201881,B.1.617.2
1892,EPI_ISL_5209409,B.1.617.2
1893,EPI_ISL_5242789,AY.4
1894,EPI_ISL_5245543,AY.4
1895,EPI_ISL_5246287,AY.4
1896,EPI_ISL_5273755,AY.4
1897,EPI_ISL_5275636,AY.4
1898,EPI_ISL_5276951,AY.4
1899,EPI_ISL_5314817,B.1.160
1900,EPI_ISL_5338795,B.1.617.2
1901,EPI_ISL_4871526,AY.4
1902,EPI_ISL_5383311,B.1.617.2
1903,EPI_ISL_5399140,AY.4
1904,EPI_ISL_5419165,B.1.177
1905,EPI_ISL_5433611,B.1.1.7
1906,EPI_ISL_5446258,AY.4
1907,EPI_ISL_5452096,AY.4
1908,EPI_ISL_5453183,AY.4
1909,EPI_ISL_5045562,AY.4
1910,EPI_ISL_4605830,AY.4
1911,EPI_ISL_4622933,AY.4
1912,EPI_ISL_4631100,AY.4
1913,EPI_ISL_4666667,B.1.1.7
1914,EPI_ISL_4718804,B.1.1.7
1915,EPI_ISL_4726659,B.1.1.7
1916,EPI_ISL_4763302,AY.4
1917,EPI_ISL_4759356,B.1.1.7
1918,EPI_ISL_4763200,AY.4
1919,EPI_ISL_4767578,AY.4
1920,EPI_ISL_4772973,AY.4
1921,EPI_ISL_4772135,AY.4
1922,EPI_ISL_4935785,AY.4
1923,EPI_ISL_5060920,B.1.617.2
1924,EPI_ISL_5245566,AY.4
1925,EPI_ISL_5242494,AY.4
1926,EPI_ISL_5278519,AY.4
1927,EPI_ISL_4599940,AY.4
1928,EPI_ISL_4604212,B.1.617.2
1929,EPI_ISL_4619199,AY.4
1930,EPI_ISL_4620496,AY.4
1931,EPI_ISL_4692485,B.1.1.7
1932,EPI_ISL_4697316,B.1.1.7
1933,EPI_ISL_4735673,AY.4
1934,EPI_ISL_4739867,AY.4
1935,EPI_ISL_4748041,B.1.1.7
1936,EPI_ISL_4750471,AY.4
1937,EPI_ISL_4763414,AY.4
1938,EPI_ISL_4765146,AY.4
1939,EPI_ISL_4862155,B.1.617.2
1940,EPI_ISL_4767647,AY.4
1941,EPI_ISL_4771973,AY.4
1942,EPI_ISL_4772420,AY.4
1943,EPI_ISL_4795316,AY.4
1944,EPI_ISL_4821214,B.1.617.2
1945,EPI_ISL_4850830,AY.4
1946,EPI_ISL_4859616,AY.4
1947,EPI_ISL_4893002,AY.4
1948,EPI_ISL_4893977,AY.4
1949,EPI_ISL_4894059,AY.4
1950,EPI_ISL_4670907,AY.4
1951,EPI_ISL_4767362,AY.4
1952,EPI_ISL_4978142,AY.4
1953,EPI_ISL_4988695,B.1.617.2
1954,EPI_ISL_5010963,AY.4
1955,EPI_ISL_5028191,AY.4
1956,EPI_ISL_5028648,AY.4
1957,EPI_ISL_5030015,P.1
1958,EPI_ISL_5035487,AY.4
1959,EPI_ISL_5443617,B.1
1960,EPI_ISL_5041929,AY.4
1961,EPI_ISL_5057146,AY.4
1962,EPI_ISL_5066262,B.1.617.2
1963,EPI_ISL_5067176,B.1.617.2
1964,EPI_ISL_5070087,B.1.1.7
1965,EPI_ISL_4724465,B.1.1.7
1966,EPI_ISL_5111690,B.1.617.2
1967,EPI_ISL_5163738,B.1.617.2
1968,EPI_ISL_4888529,B.1.1.519
1969,EPI_ISL_5178669,AY.4
1970,EPI_ISL_5069854,B.1.617.2
1971,EPI_ISL_5208126,B.1.617.2
1972,EPI_ISL_5196751,B.1
1973,EPI_ISL_5232988,B.1.617.2
1974,EPI_ISL_5312588,AY.4
1975,EPI_ISL_5459125,AY.4
1976,EPI_ISL_5473237,AY.4
1977,EPI_ISL_5527343,AY.4
1978,EPI_ISL_5531576,B.1.1.7
1979,EPI_ISL_5531585,B.1.1.7
1980,EPI_ISL_5536631,AY.4
1981,EPI_ISL_5540136,B.1.1.7
1982,EPI_ISL_5540701,B.1.1.7
1983,EPI_ISL_5541091,B.1.351
1984,EPI_ISL_5543054,B.1.617.2
1985,EPI_ISL_5543232,B.1.1.7
1986,EPI_ISL_5586787,B.1.617.2
1987,EPI_ISL_5587751,B.1.617.2
1988,EPI_ISL_5587805,B.1.617.2
1989,EPI_ISL_5598554,B.1.2
1990,EPI_ISL_5602940,B.1.617.2
1991,EPI_ISL_5622671,B.1.617.2
1992,EPI_ISL_5640192,P.1
1993,EPI_ISL_5644019,B.1.243
1994,EPI_ISL_5645742,P.1
1995,EPI_ISL_5646452,P.1
1996,EPI_ISL_5647504,P.1
1997,EPI_ISL_5647844,P.1
1998,EPI_ISL_5648713,P.1
1999,EPI_ISL_5651029,P.1
2000,EPI_ISL_5652259,P.1
2001,EPI_ISL_5652842,P.1
2002,EPI_ISL_5653074,P.1
2003,EPI_ISL_5659524,P.1
2004,EPI_ISL_5695630,B.1.429
2005,EPI_ISL_5695875,B.1.1
2006,EPI_ISL_5695886,B.1.243
2007,EPI_ISL_5696225,B.1
2008,EPI_ISL_5701092,B.1.1.7
2009,EPI_ISL_5703149,B.1.2
2010,EPI_ISL_5713479,B.1.1.7
2011,EPI_ISL_5717430,B.1.617.2
2012,EPI_ISL_5736307,B.1.1.7
2013,EPI_ISL_5750875,B.1.1.7
2014,EPI_ISL_5758319,B.1.1.7
2015,EPI_ISL_5785160,AY.4
2016,EPI_ISL_5800764,P.1
2017,EPI_ISL_5801425,P.1
2018,EPI_ISL_5801451,P.1
2019,EPI_ISL_5801660,P.1
2020,EPI_ISL_5801710,P.1
2021,EPI_ISL_5802445,P.1
2022,EPI_ISL_5802556,P.1
2023,EPI_ISL_5802650,P.1
2024,EPI_ISL_5802672,P.1
2025,EPI_ISL_5804534,B.1.617.2
2026,EPI_ISL_5823418,AY.4
2027,EPI_ISL_5827035,AY.4
2028,EPI_ISL_5830544,AY.4
2029,EPI_ISL_5835343,B.1.617.2
2030,EPI_ISL_5875587,B.1.617.2
2031,EPI_ISL_5877088,AY.4
2032,EPI_ISL_5877414,B.1.617.2
2033,EPI_ISL_5886258,B.1.617.2
2034,EPI_ISL_5886544,B.1.617.2
2035,EPI_ISL_5886901,B.1.1.7
2036,EPI_ISL_5892710,AY.4
2037,EPI_ISL_5895004,AY.4
2038,EPI_ISL_5896611,AY.4
2039,EPI_ISL_5914496,B.1.160
2040,EPI_ISL_5915309,P.1
2041,EPI_ISL_5920660,B.1.1.7
2042,EPI_ISL_5928834,B.1.617.2
2043,EPI_ISL_5947021,B.1.617.2
2044,EPI_ISL_5957372,AY.4
2045,EPI_ISL_5962123,AY.4
2046,EPI_ISL_5970221,AY.4
2047,EPI_ISL_5977300,AY.4
2048,EPI_ISL_5990278,B.1.526
2049,EPI_ISL_5994623,P.1
2050,EPI_ISL_5996600,AY.4
2051,EPI_ISL_6004612,AY.4
2052,EPI_ISL_6023211,AY.4
2053,EPI_ISL_6023375,AY.4
2054,EPI_ISL_6025608,AY.4
2055,EPI_ISL_6025938,AY.4
2056,EPI_ISL_6039300,AY.4
2057,EPI_ISL_6045987,AY.4
2058,EPI_ISL_6089308,B.1.617.2
2059,EPI_ISL_6097914,B.1.617.2
2060,EPI_ISL_6104117,B.1.617.2
2061,EPI_ISL_6790123,B.1.617.2
2062,EPI_ISL_6800375,AY.4
2063,EPI_ISL_6807943,AY.4
2064,EPI_ISL_6802122,AY.4
2065,EPI_ISL_6436381,B.1.258
2066,EPI_ISL_3601848,B.1.1.7
2067,EPI_ISL_6640781,B.1.258
2068,EPI_ISL_1475596,B.1.1.7
2069,EPI_ISL_6215000,AY.4
2070,EPI_ISL_6218829,AY.4
2071,EPI_ISL_6244132,AY.4
2072,EPI_ISL_6262428,B.1.429
2073,EPI_ISL_6266600,B.1.617.2
2074,EPI_ISL_6267080,B.1.429
2075,EPI_ISL_6298156,AY.4
2076,EPI_ISL_6300787,AY.4
2077,EPI_ISL_6324361,AY.4
2078,EPI_ISL_6325047,B.1.617.2
2079,EPI_ISL_6345392,AY.4
2080,EPI_ISL_6354850,AY.4
2081,EPI_ISL_6365078,AY.4
2082,EPI_ISL_6361302,AY.4
2083,EPI_ISL_6436157,AY.4
2084,EPI_ISL_6484104,P.1
2085,EPI_ISL_6491815,B.1
2086,EPI_ISL_6549264,AY.4
2087,EPI_ISL_6562101,AY.4
2088,EPI_ISL_6565631,B.1.243
2089,EPI_ISL_6610068,AY.4
2090,EPI_ISL_6615598,AY.4
2091,EPI_ISL_6625870,AY.4
2092,EPI_ISL_6641481,AY.4
2093,EPI_ISL_6657122,AY.4
2094,EPI_ISL_6679202,B.1
2095,EPI_ISL_6688494,AY.4
2096,EPI_ISL_6687121,B.1.1.7
2097,EPI_ISL_6693938,AY.4
2098,EPI_ISL_6705854,B.1.617.2
2099,EPI_ISL_6764637,AY.4
2100,EPI_ISL_6768974,AY.4
2101,EPI_ISL_6122910,AY.4
2102,EPI_ISL_6124946,B.1.1.7
2103,EPI_ISL_6133435,AY.4
2104,EPI_ISL_6240250,AY.4
2105,EPI_ISL_6251538,B.1.617.2
2106,EPI_ISL_6275353,AY.4
2107,EPI_ISL_6298264,AY.4
2108,EPI_ISL_6344587,AY.4
2109,EPI_ISL_6551719,AY.4
2110,EPI_ISL_6405054,AY.4
2111,EPI_ISL_6426896,AY.4
2112,EPI_ISL_6492003,B.1.526
2113,EPI_ISL_6357117,B.1.177
2114,EPI_ISL_6522566,AY.4
2115,EPI_ISL_6510696,B.1.1.7
2116,EPI_ISL_6591147,B.1.617.2
2117,EPI_ISL_6619746,AY.4
2118,EPI_ISL_6266847,B.1.2
2119,EPI_ISL_6436356,B.1.177
2120,EPI_ISL_6821484,AY.4
2121,EPI_ISL_6827348,B.1.617.2
2122,EPI_ISL_6830251,AY.4
2123,EPI_ISL_6837937,AY.4
2124,EPI_ISL_6850613,B.1.617.2
2125,EPI_ISL_6854711,B.1.617.2
2126,EPI_ISL_6869022,AY.4
2127,EPI_ISL_6878209,B.1.1.7
2128,EPI_ISL_6904437,B.1.617.2
2129,EPI_ISL_6913940,B.1.2
2130,EPI_ISL_6924970,AY.4
2131,EPI_ISL_6934373,B.1.617.2
2132,EPI_ISL_6940967,AY.4
2133,EPI_ISL_6963034,B.1.617.2
2134,EPI_ISL_7027443,AY.4
2135,EPI_ISL_7034880,AY.4
2136,EPI_ISL_7043618,B.1.1.7
2137,EPI_ISL_7065344,B.1.1.7
2138,EPI_ISL_7072989,B.1.1.7
2139,EPI_ISL_7090677,AY.4
2140,EPI_ISL_7138227,AY.4
2141,EPI_ISL_7144467,AY.4
2142,EPI_ISL_7160033,B.1
2143,EPI_ISL_7161392,AY.4
2144,EPI_ISL_7165271,AY.4
2145,EPI_ISL_7179067,B.1.617.2
2146,EPI_ISL_7196569,AY.4
2147,EPI_ISL_7224293,B.1.617.2
2148,EPI_ISL_7248187,AY.4
2149,EPI_ISL_7265560,B.1.617.2
2150,EPI_ISL_7267769,B.1.617.2
2151,EPI_ISL_7268608,AY.4
2152,EPI_ISL_7279165,B.1.1.7
2153,EPI_ISL_7282682,AY.4
2154,EPI_ISL_7338111,B.1.617.2
2155,EPI_ISL_7338113,B.1.617.2
2156,EPI_ISL_7391822,AY.4
2157,EPI_ISL_7416372,AY.4
2158,EPI_ISL_7460137,AY.4
2159,EPI_ISL_7461203,B.1.617.2
2160,EPI_ISL_7487690,AY.4
2161,EPI_ISL_7509566,B.1
2162,EPI_ISL_7510219,AY.4
2163,EPI_ISL_7521150,AY.4
2164,EPI_ISL_7570411,B.1.2
2165,EPI_ISL_7576212,B.1
2166,EPI_ISL_7578331,AY.4
2167,EPI_ISL_7579849,B.1.1
2168,EPI_ISL_7613770,B.1.1
2169,EPI_ISL_7629666,AY.4
2170,EPI_ISL_7631062,AY.4
2171,EPI_ISL_7636560,AY.4
2172,EPI_ISL_7643699,AY.4
2173,EPI_ISL_7645347,AY.4
2174,EPI_ISL_7657171,AY.4
2175,EPI_ISL_7657351,B.1.617.2
2176,EPI_ISL_3670094,B.1.429
2177,EPI_ISL_2378444,B.1.429
2178,EPI_ISL_2269783,B.1.1.7
2179,EPI_ISL_2158073,B.1
2180,EPI_ISL_2179149,B.1.2
2181,EPI_ISL_2145088,B.1.221
2182,EPI_ISL_2310889,B.1
2183,EPI_ISL_2786790,R.1
2184,EPI_ISL_2001144,B.1.617.2
2185,EPI_ISL_2005553,B.1.1.7
2186,EPI_ISL_2010542,B.1.429
2187,EPI_ISL_2007305,B.1.1
2188,EPI_ISL_2010795,B.1.1.7
2189,EPI_ISL_2018356,B.1.1.7
2190,EPI_ISL_1620659,B.1.2
2191,EPI_ISL_2017230,B.1.1.7
2192,EPI_ISL_2022201,B.1.1.7
2193,EPI_ISL_2023947,B.1.1.7
2194,EPI_ISL_2029122,B.1.1.7
2195,EPI_ISL_3677483,B.1.617.2
2196,EPI_ISL_3689187,B.1.617.2
2197,EPI_ISL_2028820,B.1.1.7
2198,EPI_ISL_3701496,AY.4
2199,EPI_ISL_2027499,B.1.1.7
2200,EPI_ISL_2374046,B.1.351
2201,EPI_ISL_3720330,B.1.617.2
2202,EPI_ISL_2093772,B.1.1.7
2203,EPI_ISL_2089565,B.1.1.7
2204,EPI_ISL_2091360,B.1.1.519
2205,EPI_ISL_2093808,B.1.351
2206,EPI_ISL_2092498,B.1.1.7
2207,EPI_ISL_2091155,B.1.1.519
2208,EPI_ISL_2098900,B.1.1.7
2209,EPI_ISL_2101270,B.1.1
2210,EPI_ISL_2109036,B.1.1.7
2211,EPI_ISL_2114838,B.1.1.7
2212,EPI_ISL_3728932,AY.4
2213,EPI_ISL_2123219,B.1.1.7
2214,EPI_ISL_2120634,B.1.1.7
2215,EPI_ISL_2133577,B.1.2
2216,EPI_ISL_2132656,B.1.1.7
2217,EPI_ISL_2148115,B.1.1.7
2218,EPI_ISL_2154367,B.1.1.7
2219,EPI_ISL_2179648,B.1.1.7
2220,EPI_ISL_2184734,B.1.1.7
2221,EPI_ISL_2189334,B.1.1.7
2222,EPI_ISL_2188928,B.1.351
2223,EPI_ISL_2185230,B.1.1.7
2224,EPI_ISL_2188457,B.1.1.7
2225,EPI_ISL_2193387,B.1.243
2226,EPI_ISL_2195199,B.1.1.7
2227,EPI_ISL_2192264,B.1.1.7
2228,EPI_ISL_2200428,B.1.1.7
2229,EPI_ISL_2195549,B.1.2
2230,EPI_ISL_2196065,B.1.526
2231,EPI_ISL_2203950,B.1.526
2232,EPI_ISL_2203781,B.1.1.7
2233,EPI_ISL_2213668,B.1.1.7
2234,EPI_ISL_2218098,B.1.1.7
2235,EPI_ISL_2218094,B.1.1.7
2236,EPI_ISL_2216409,B.1.1.7
2237,EPI_ISL_2216643,B.1.1.7
2238,EPI_ISL_2221774,B.1.1.7
2239,EPI_ISL_2220635,B.1.1.7
2240,EPI_ISL_2220290,B.1.1.7
2241,EPI_ISL_2226056,B.1.1.7
2242,EPI_ISL_2232640,B.1
2243,EPI_ISL_3765028,AY.4
2244,EPI_ISL_3761636,P.1
2245,EPI_ISL_3761672,P.1
2246,EPI_ISL_3764886,AY.4
2247,EPI_ISL_2258477,B.1.1.7
2248,EPI_ISL_2258815,B.1.1.7
2249,EPI_ISL_2264884,B.1.1.7
2250,EPI_ISL_3767561,AY.4
2251,EPI_ISL_2266006,B.1.1.7
2252,EPI_ISL_2266522,B.1.1.7
2253,EPI_ISL_2272587,B.1.351
2254,EPI_ISL_2278841,B.1.1.7
2255,EPI_ISL_2278033,B.1.1.7
2256,EPI_ISL_2279675,B.1.1.7
2257,EPI_ISL_2282892,B.1.526
2258,EPI_ISL_2286536,B.1.1.7
2259,EPI_ISL_2284812,B.1.1.7
2260,EPI_ISL_2294896,B.1.2
2261,EPI_ISL_2298256,B.1.1.7
2262,EPI_ISL_2300450,B.1.1.7
2263,EPI_ISL_2300390,B.1.1.7
2264,EPI_ISL_2299385,B.1.1.7
2265,EPI_ISL_2305074,P.1
2266,EPI_ISL_2306297,B.1.1.7
2267,EPI_ISL_2306310,B.1.526
2268,EPI_ISL_2306324,B.1.526
2269,EPI_ISL_2307047,B.1.1.7
2270,EPI_ISL_2303720,B.1.1.7
2271,EPI_ISL_2302322,B.1.1.7
2272,EPI_ISL_2308579,B.1.1.7
2273,EPI_ISL_2320493,B.1.1.7
2274,EPI_ISL_2325707,B.1.1.214
2275,EPI_ISL_2329918,B.1.1.7
2276,EPI_ISL_2329967,B.1.1.7
2277,EPI_ISL_2332094,B.1.1.7
2278,EPI_ISL_2329112,B.1.1.7
2279,EPI_ISL_2332274,B.1.1.7
2280,EPI_ISL_2333277,B.1.1.7
2281,EPI_ISL_2339209,R.1
2282,EPI_ISL_2341362,P.1
2283,EPI_ISL_2340986,B.1.1.519
2284,EPI_ISL_2340928,B.1.1.519
2285,EPI_ISL_2339006,B.1.1.7
2286,EPI_ISL_2343021,B.1.1.519
2287,EPI_ISL_2348082,B.1.1.7
2288,EPI_ISL_2357342,B.1.1.7
2289,EPI_ISL_2365776,B.1.1.7
2290,EPI_ISL_2372105,B.1.526
2291,EPI_ISL_2369775,B.1.1.7
2292,EPI_ISL_2374378,B.1.1.7
2293,EPI_ISL_2380358,B.1.1.7
2294,EPI_ISL_2380751,B.1.1.7
2295,EPI_ISL_2377894,B.1.1.7
2296,EPI_ISL_2378391,B.1.1.7
2297,EPI_ISL_2382941,B.1.617.2
2298,EPI_ISL_2386283,B.1.1.7
2299,EPI_ISL_2384591,B.1.1.7
2300,EPI_ISL_2392627,B.1.1.7
2301,EPI_ISL_2393652,B.1.617.2
2302,EPI_ISL_3787163,AY.4
2303,EPI_ISL_2395368,B.1.1.7
2304,EPI_ISL_2397293,B.1.1.7
2305,EPI_ISL_2396848,B.1.1.7
2306,EPI_ISL_3793619,B.1.1.7
2307,EPI_ISL_2394645,AY.4
2308,EPI_ISL_2397777,B.1.526
2309,EPI_ISL_2398496,B.1.1.7
2310,EPI_ISL_2398551,B.1.1.7
2311,EPI_ISL_2397955,P.1
2312,EPI_ISL_2401522,B.1.351
2313,EPI_ISL_2401421,B.1.351
2314,EPI_ISL_2348791,B.1.526
2315,EPI_ISL_2363626,B.1
2316,EPI_ISL_2337598,B.1.1.214
2317,EPI_ISL_2405735,B.1.1.7
2318,EPI_ISL_2105725,B.1.1.519
2319,EPI_ISL_2414746,B.1.1.7
2320,EPI_ISL_2770398,B.1.1.7
2321,EPI_ISL_2771279,B.1.1.7
2322,EPI_ISL_2597333,B.1.526
2323,EPI_ISL_2788043,B.1.1.7
2324,EPI_ISL_2792404,B.1.1.7
2325,EPI_ISL_2796045,B.1.1.7
2326,EPI_ISL_2795201,B.1.1.7
2327,EPI_ISL_2799398,B.1.1.7
2328,EPI_ISL_2808914,AY.4
2329,EPI_ISL_2823787,B.1.160
2330,EPI_ISL_2834847,B.1.1.7
2331,EPI_ISL_2835815,B.1.1.7
2332,EPI_ISL_2835709,B.1.617.2
2333,EPI_ISL_2839249,B.1.1
2334,EPI_ISL_2841825,B.1.1.7
2335,EPI_ISL_2843330,B.1.1.7
2336,EPI_ISL_2843142,B.1.351
2337,EPI_ISL_2845711,B.1.1.7
2338,EPI_ISL_2854064,B.1.1.7
2339,EPI_ISL_2859742,B.1.1.7
2340,EPI_ISL_2864373,B.1.1.7
2341,EPI_ISL_2864364,B.1.1.7
2342,EPI_ISL_2863874,P.1
2343,EPI_ISL_2864319,B.1.1.7
2344,EPI_ISL_2869384,B.1.1.7
2345,EPI_ISL_2385649,P.1
2346,EPI_ISL_2008675,B.1.526
2347,EPI_ISL_2014928,B.1.1.214
2348,EPI_ISL_3671870,P.1
2349,EPI_ISL_4350408,AY.4
2350,EPI_ISL_2207897,B.1.1.7
2351,EPI_ISL_2010429,B.1.1.7
2352,EPI_ISL_7669654,B.1.617.2
2353,EPI_ISL_7678913,AY.4
2354,EPI_ISL_7816893,AY.4
2355,EPI_ISL_7829155,B.1.617.2
2356,EPI_ISL_7866890,AY.4
2357,EPI_ISL_7865656,AY.4
2358,EPI_ISL_7870645,B.1.617.2
2359,EPI_ISL_7873936,B.1.617.2
2360,EPI_ISL_2086622,P.1
2361,EPI_ISL_7889022,AY.4
2362,EPI_ISL_7894259,B.1.617.2
2363,EPI_ISL_7897810,B.1.617.2
2364,EPI_ISL_7902156,B.1.617.2
2365,EPI_ISL_2846425,AY.4
2366,EPI_ISL_7892682,AY.4
2367,EPI_ISL_2336085,B.1.1.7
2368,EPI_ISL_2320176,B.1.617.2
2369,EPI_ISL_2369084,B.1.1.7
2370,EPI_ISL_7890965,B.1.617.2
2371,EPI_ISL_3829203,B.1.617.2
2372,EPI_ISL_7685000,AY.4
2373,EPI_ISL_7697751,AY.4
2374,EPI_ISL_7711124,AY.4
2375,EPI_ISL_7909746,B.1.617.2
2376,EPI_ISL_7745299,AY.4
2377,EPI_ISL_1801221,B.1.1.7
2378,EPI_ISL_2387562,B.1.1.7
2379,EPI_ISL_3673898,B.1.617.2
2380,EPI_ISL_2193291,B.1.1.7
2381,EPI_ISL_2080192,B.1.1.7
2382,EPI_ISL_2091054,B.1.429
2383,EPI_ISL_2089626,P.1
2384,EPI_ISL_2092066,B.1.1.7
2385,EPI_ISL_2093486,B.1.1.7
2386,EPI_ISL_2092519,B.1.1.7
2387,EPI_ISL_2093507,B.1.1.7
2388,EPI_ISL_2093794,B.1.1.7
2389,EPI_ISL_2095526,B.1.1.7
2390,EPI_ISL_2098387,B.1.1.7
2391,EPI_ISL_2102036,B.1.351
2392,EPI_ISL_2105984,B.1.429
2393,EPI_ISL_2106445,B.1.1.7
2394,EPI_ISL_2115812,B.1.1.7
2395,EPI_ISL_2116969,B.1.1.7
2396,EPI_ISL_2131740,B.1.617.2
2397,EPI_ISL_7789499,AY.4
2398,EPI_ISL_2143001,B.1.1.7
2399,EPI_ISL_2143140,B.1.526
2400,EPI_ISL_2150055,B.1.1.7
2401,EPI_ISL_2156063,P.1
2402,EPI_ISL_2157972,B.1.351
2403,EPI_ISL_2308317,B.1.2
2404,EPI_ISL_2178426,B.1.1.7
2405,EPI_ISL_2157906,B.1.1
2406,EPI_ISL_2192437,B.1.1.7
2407,EPI_ISL_2194018,B.1.1.7
2408,EPI_ISL_2223915,B.1
2409,EPI_ISL_2206132,B.1.1.7
2410,EPI_ISL_2207196,B.1.1.7
2411,EPI_ISL_2102827,B.1.1.519
2412,EPI_ISL_2335828,R.1
2413,EPI_ISL_2211937,B.1.1.7
2414,EPI_ISL_2190733,B.1.2
2415,EPI_ISL_2179142,B.1.243
2416,EPI_ISL_7690745,B.1.1.519
2417,EPI_ISL_2044945,R.1
2418,EPI_ISL_2219599,B.1.1.7
2419,EPI_ISL_2824252,B.1.160
2420,EPI_ISL_2336855,R.1
2421,EPI_ISL_2363755,B.1.1
2422,EPI_ISL_2335460,R.1
2423,EPI_ISL_2191260,B.1.2
2424,EPI_ISL_3844365,B.1.1
2425,EPI_ISL_7951809,AY.4
2426,EPI_ISL_7954289,AY.4
2427,EPI_ISL_7962945,AY.4
2428,EPI_ISL_7974398,AY.4
2429,EPI_ISL_7992086,AY.4
2430,EPI_ISL_7995123,AY.4
2431,EPI_ISL_8004675,P.1
2432,EPI_ISL_8005001,P.1
2433,EPI_ISL_8005003,P.1
2434,EPI_ISL_8005049,P.1
2435,EPI_ISL_8005547,P.1
2436,EPI_ISL_8017819,B.1.429
2437,EPI_ISL_8026126,B.1.617.2
2438,EPI_ISL_8034527,AY.4
2439,EPI_ISL_8040424,AY.4
2440,EPI_ISL_8041336,AY.4
2441,EPI_ISL_8054336,AY.4
2442,EPI_ISL_8057886,B.1.617.2
2443,EPI_ISL_8068635,AY.4
2444,EPI_ISL_8069089,AY.4
2445,EPI_ISL_8070538,AY.4
2446,EPI_ISL_8085943,AY.4
2447,EPI_ISL_8099807,B.1.1.7
2448,EPI_ISL_8142129,B.1.2
2449,EPI_ISL_8145869,B.1.617.2
2450,EPI_ISL_8150300,B.1.617.2
2451,EPI_ISL_8150502,AY.4
2452,EPI_ISL_8182870,B.1.1
2453,EPI_ISL_8184777,B.1.617.2
2454,EPI_ISL_8190641,B.1.617.2
2455,EPI_ISL_8203347,B.1.617.2
2456,EPI_ISL_8206144,B.1
2457,EPI_ISL_8219678,AY.4
2458,EPI_ISL_8219722,AY.4
2459,EPI_ISL_8245679,AY.4
2460,EPI_ISL_8271518,AY.4
2461,EPI_ISL_8278369,AY.4
2462,EPI_ISL_8280079,AY.4
2463,EPI_ISL_8280129,AY.4
2464,EPI_ISL_8285564,B.1.617.2
2465,EPI_ISL_8312802,AY.4
2466,EPI_ISL_8342453,B.1.617.2
2467,EPI_ISL_8349868,AY.4
2468,EPI_ISL_8357398,P.1
2469,EPI_ISL_8388174,AY.4
2470,EPI_ISL_8391728,B.1.617.2
2471,EPI_ISL_8395774,P.1
2472,EPI_ISL_8415451,B.1.617.2
2473,EPI_ISL_8418123,AY.4
2474,EPI_ISL_8419628,B.1.617.2
2475,EPI_ISL_8450535,AY.4
2476,EPI_ISL_8476517,AY.4
2477,EPI_ISL_8510918,B.1.617.2
2478,EPI_ISL_8513892,B.1.617.2
2479,EPI_ISL_8547331,B.1.1.7
2480,EPI_ISL_8577330,B.1
2481,EPI_ISL_8589858,B.1.617.2
2482,EPI_ISL_8591126,AY.4
2483,EPI_ISL_8102759,B.1.1.7
2484,EPI_ISL_9366373,B.1.617.2
2485,EPI_ISL_2029736,B.1.1.7
2486,EPI_ISL_2037250,B.1.526
2487,EPI_ISL_9288115,B.1.617.2
2488,EPI_ISL_2173544,B.1.1.7
2489,EPI_ISL_2240745,B.1.1.7
2490,EPI_ISL_2248505,B.1.1.7
2491,EPI_ISL_8625819,B.1.617.2
2492,EPI_ISL_8642799,B.1.617.2
2493,EPI_ISL_8700817,B.1.617.2
2494,EPI_ISL_8800105,AY.4
2495,EPI_ISL_9548983,B.1.429
2496,EPI_ISL_8768611,AY.4
2497,EPI_ISL_8884423,B.1.617.2
2498,EPI_ISL_2046595,R.1
2499,EPI_ISL_8801333,B.1.617.2
2500,EPI_ISL_9366629,B.1.617.2
2501,EPI_ISL_4196655,B.1.617.2
2502,EPI_ISL_9011226,B.1.617.2
2503,EPI_ISL_9022310,AY.4
2504,EPI_ISL_9029121,B.1.617.2
2505,EPI_ISL_9061517,B.1.617.2
2506,EPI_ISL_9068396,B.1.617.2
2507,EPI_ISL_9086504,AY.4
2508,EPI_ISL_9155274,B.1
2509,EPI_ISL_9227461,AY.4
2510,EPI_ISL_9274903,P.1
2511,EPI_ISL_9361299,B.1.617.2
2512,EPI_ISL_9366356,B.1.617.2
2513,EPI_ISL_9429928,B.1.617.2
2514,EPI_ISL_9429985,B.1.617.2
2515,EPI_ISL_8645273,B.1.2
2516,EPI_ISL_9548326,B.1.427
2517,EPI_ISL_9361276,B.1.617.2
2518,EPI_ISL_9366479,B.1.617.2
2519,EPI_ISL_9299281,AY.4
2520,EPI_ISL_9532422,B.1.617.2
2521,EPI_ISL_9548685,B.1.526
2522,EPI_ISL_8812974,B.1.1.7
2523,EPI_ISL_9150603,B.1.2
2524,EPI_ISL_8649081,AY.4
2525,EPI_ISL_8768569,AY.4
2526,EPI_ISL_9361291,B.1.617.2
2527,EPI_ISL_9361392,B.1.617.2
2528,EPI_ISL_9274949,P.1
2529,EPI_ISL_9017896,B.1.617.2
2530,EPI_ISL_2030022,B.1.351
2531,EPI_ISL_8926175,B.1.617.2
2532,EPI_ISL_10065608,B.1.1
2533,EPI_ISL_10145973,B.1.617.2
2534,EPI_ISL_10146026,B.1.1.7
2535,EPI_ISL_10156667,AY.4
2536,EPI_ISL_10157441,AY.4
2537,EPI_ISL_10157488,AY.4
2538,EPI_ISL_10158760,AY.4
2539,EPI_ISL_10161602,AY.4
2540,EPI_ISL_10167334,AY.4
2541,EPI_ISL_10169543,AY.4
2542,EPI_ISL_10171330,AY.4
2543,EPI_ISL_10352339,AY.4
2544,EPI_ISL_10403030,B.1.2
2545,EPI_ISL_10403486,B.1.429
2546,EPI_ISL_10435854,B.1.1.7
2547,EPI_ISL_10614674,B.1.617.2
2548,EPI_ISL_10619146,AY.4
2549,EPI_ISL_9627636,B.1.617.2
2550,EPI_ISL_9700341,B.1.617.2
2551,EPI_ISL_9800142,P.1
2552,EPI_ISL_9800223,P.1
2553,EPI_ISL_9818882,AY.4
2554,EPI_ISL_9893291,B.1.1.7
2555,EPI_ISL_9970328,B.1.617.2
2556,EPI_ISL_11229786,B.1.1.7
2557,EPI_ISL_11268129,B.1.617.2
2558,EPI_ISL_11363113,B.1.2
2559,EPI_ISL_1746992,B.1
2560,EPI_ISL_11522549,B.1.1.7
2561,EPI_ISL_11736568,B.1.617.2
2562,EPI_ISL_11755413,AY.4
2563,EPI_ISL_11767368,B.1.617.2
2564,EPI_ISL_11811419,AY.4
2565,EPI_ISL_11414828,AY.4
2566,EPI_ISL_10886529,B.1.617.2
2567,EPI_ISL_11014874,P.1
2568,EPI_ISL_11036528,B.1.1.7
2569,EPI_ISL_11320235,B.1.617.2
2570,EPI_ISL_11172690,B.1.160
2571,EPI_ISL_11758292,P.1
2572,EPI_ISL_11736093,B.1.617.2
2573,EPI_ISL_11131218,B.1.617.2
2574,EPI_ISL_11861049,B.1.2
2575,EPI_ISL_12056214,B.1.2
2576,EPI_ISL_12056732,B.1.2
2577,EPI_ISL_12084290,B.1.617.2
2578,EPI_ISL_12327627,B.1.1.7
2579,EPI_ISL_12377986,B.1.1
2580,EPI_ISL_12387916,B.1.1.7
2581,EPI_ISL_12416356,B.1
2582,EPI_ISL_12425121,P.1
2583,EPI_ISL_12425157,P.1
2584,EPI_ISL_12425455,P.1
2585,EPI_ISL_12426116,P.1
2586,EPI_ISL_12426192,P.1
2587,EPI_ISL_12426513,P.1
2588,EPI_ISL_12597413,B.1.2
2589,EPI_ISL_11326768,B.1.617.2
2590,EPI_ISL_13148018,P.1
2591,EPI_ISL_13593685,B.1.2
2592,EPI_ISL_13491006,B.1
2593,EPI_ISL_13595372,B.1
2594,EPI_ISL_13289704,B.1.2
2595,EPI_ISL_13175227,B.1
2596,EPI_ISL_13596916,B.1.1.7
2597,EPI_ISL_13008898,B.1.617.2
2598,EPI_ISL_13598900,B.1
2599,EPI_ISL_13595938,B.1.2
2600,EPI_ISL_13666906,B.1.617.2
2601,EPI_ISL_13674262,B.1
2602,EPI_ISL_13679901,B.1.429
2603,EPI_ISL_13688530,B.1.2
2604,EPI_ISL_13829910,B.1.617.2
2605,EPI_ISL_13842543,B.1.617.2
2606,EPI_ISL_14073092,B.1.177
2607,EPI_ISL_14098155,B.1.429
2608,EPI_ISL_14148064,AY.4
2609,EPI_ISL_14189367,B.1.1.7
2610,EPI_ISL_14261205,B.1.617.2
